
INSERT INTO MEDIA (TitleID, Name, Rating, Budget, Synopsis, Country)
VALUES (0111161, 'The Shawshank Redemption', '9.3', 25000000, 'Two imprisoned men bond over a number of years, finding solace and eventual redemption through acts of common decency.', 'United States');

INSERT INTO Genre(Genre_MediaID, GenreName)
VALUES(0111161, 'Drama');

INSERT INTO Languages(Language_MediaID, LanguageName)
VALUES(0111161, 'English');

INSERT INTO Movie(MovieID, Runtime)
VALUES(0111161, 142);

INSERT INTO MEDIA (TitleID, Name, Rating, Budget, Synopsis, Country)
VALUES (0068646, 'The Godfather', '9.2', 6000000, 'The aging patriarch of an organized crime dynasty in postwar New York City transfers control of his clandestine empire to his reluctant youngest son.', 'United States');

INSERT INTO Genre(Genre_MediaID, GenreName)
VALUES(0068646, 'Crime');

INSERT INTO Genre(Genre_MediaID, GenreName)
VALUES(0068646, 'Drama');

INSERT INTO Languages(Language_MediaID, LanguageName)
VALUES(0068646, 'English');

INSERT INTO Languages(Language_MediaID, LanguageName)
VALUES(0068646, 'Italian');

INSERT INTO Languages(Language_MediaID, LanguageName)
VALUES(0068646, 'Latin');

INSERT INTO Movie(MovieID, Runtime)
VALUES(0068646, 175);

INSERT INTO MEDIA (TitleID, Name, Rating, Budget, Synopsis, Country)
VALUES (0468569, 'The Dark Knight', '9.0', 185000000, 'When the menace known as the Joker wreaks havoc and chaos on the people of Gotham, Batman must accept one of the greatest psychological and physical tests of his ability to fight injustice.', 'United States');

INSERT INTO Genre(Genre_MediaID, GenreName)
VALUES(0468569, 'Action');

INSERT INTO Genre(Genre_MediaID, GenreName)
VALUES(0468569, 'Crime');

INSERT INTO Genre(Genre_MediaID, GenreName)
VALUES(0468569, 'Drama');

INSERT INTO Genre(Genre_MediaID, GenreName)
VALUES(0468569, 'Thriller');

INSERT INTO Languages(Language_MediaID, LanguageName)
VALUES(0468569, 'English');

INSERT INTO Languages(Language_MediaID, LanguageName)
VALUES(0468569, 'Mandarin');

INSERT INTO Movie(MovieID, Runtime)
VALUES(0468569, 152);

INSERT INTO MEDIA (TitleID, Name, Rating, Budget, Synopsis, Country)
VALUES (0071562, 'The Godfather Part II', '9.0', 13000000, 'The early life and career of Vito Corleone in 1920s New York City is portrayed, while his son, Michael, expands and tightens his grip on the family crime syndicate.', 'United States');

INSERT INTO Genre(Genre_MediaID, GenreName)
VALUES(0071562, 'Crime');

INSERT INTO Genre(Genre_MediaID, GenreName)
VALUES(0071562, 'Drama');

INSERT INTO Languages(Language_MediaID, LanguageName)
VALUES(0071562, 'English');

INSERT INTO Languages(Language_MediaID, LanguageName)
VALUES(0071562, 'Italian');

INSERT INTO Languages(Language_MediaID, LanguageName)
VALUES(0071562, 'Spanish');

INSERT INTO Languages(Language_MediaID, LanguageName)
VALUES(0071562, 'Latin');

INSERT INTO Languages(Language_MediaID, LanguageName)
VALUES(0071562, 'Sicilian');

INSERT INTO Movie(MovieID, Runtime)
VALUES(0071562, 202);

INSERT INTO MEDIA (TitleID, Name, Rating, Budget, Synopsis, Country)
VALUES (0050083, '12 Angry Men', '9.0', 350000, 'The jury in a New York City murder trial is frustrated by a single member whose skeptical caution forces them to more carefully consider the evidence before jumping to a hasty verdict.', 'United States');

INSERT INTO Genre(Genre_MediaID, GenreName)
VALUES(0050083, 'Crime');

INSERT INTO Genre(Genre_MediaID, GenreName)
VALUES(0050083, 'Drama');

INSERT INTO Languages(Language_MediaID, LanguageName)
VALUES(0050083, 'English');

INSERT INTO Movie(MovieID, Runtime)
VALUES(0050083, 96);

INSERT INTO MEDIA (TitleID, Name, Rating, Budget, Synopsis, Country)
VALUES (0108052, 'Schindler''s List', '9.0', 22000000, 'In German-occupied Poland during World War II, industrialist Oskar Schindler gradually becomes concerned for his Jewish workforce after witnessing their persecution by the Nazis.', 'United States');

INSERT INTO Genre(Genre_MediaID, GenreName)
VALUES(0108052, 'Biography');

INSERT INTO Genre(Genre_MediaID, GenreName)
VALUES(0108052, 'Drama');

INSERT INTO Genre(Genre_MediaID, GenreName)
VALUES(0108052, 'History');

INSERT INTO Languages(Language_MediaID, LanguageName)
VALUES(0108052, 'English');

INSERT INTO Languages(Language_MediaID, LanguageName)
VALUES(0108052, 'Hebrew');

INSERT INTO Languages(Language_MediaID, LanguageName)
VALUES(0108052, 'German');

INSERT INTO Languages(Language_MediaID, LanguageName)
VALUES(0108052, 'Polish');

INSERT INTO Languages(Language_MediaID, LanguageName)
VALUES(0108052, 'Latin');

INSERT INTO Movie(MovieID, Runtime)
VALUES(0108052, 195);

INSERT INTO MEDIA (TitleID, Name, Rating, Budget, Synopsis, Country)
VALUES (0167260, 'The Lord of the Rings: The Return of the King', '9.0', 94000000, 'Gandalf and Aragorn lead the World of Men against Sauron''s army to draw his gaze from Frodo and Sam as they approach Mount Doom with the One Ring.', 'New Zealand');

INSERT INTO Genre(Genre_MediaID, GenreName)
VALUES(0167260, 'Action');

INSERT INTO Genre(Genre_MediaID, GenreName)
VALUES(0167260, 'Adventure');

INSERT INTO Genre(Genre_MediaID, GenreName)
VALUES(0167260, 'Drama');

INSERT INTO Genre(Genre_MediaID, GenreName)
VALUES(0167260, 'Fantasy');

INSERT INTO Languages(Language_MediaID, LanguageName)
VALUES(0167260, 'English');

INSERT INTO Languages(Language_MediaID, LanguageName)
VALUES(0167260, 'Quenya');

INSERT INTO Languages(Language_MediaID, LanguageName)
VALUES(0167260, 'Old English');

INSERT INTO Languages(Language_MediaID, LanguageName)
VALUES(0167260, 'Sindarin');

INSERT INTO Movie(MovieID, Runtime)
VALUES(0167260, 201);

INSERT INTO MEDIA (TitleID, Name, Rating, Budget, Synopsis, Country)
VALUES (0110912, 'Pulp Fiction', '8.9', 8000000, 'The lives of two mob hitmen, a boxer, a gangster and his wife, and a pair of diner bandits intertwine in four tales of violence and redemption.', 'United States');

INSERT INTO Genre(Genre_MediaID, GenreName)
VALUES(0110912, 'Crime');

INSERT INTO Genre(Genre_MediaID, GenreName)
VALUES(0110912, 'Drama');

INSERT INTO Languages(Language_MediaID, LanguageName)
VALUES(0110912, 'English');

INSERT INTO Languages(Language_MediaID, LanguageName)
VALUES(0110912, 'Spanish');

INSERT INTO Languages(Language_MediaID, LanguageName)
VALUES(0110912, 'French');

INSERT INTO Movie(MovieID, Runtime)
VALUES(0110912, 154);

INSERT INTO MEDIA (TitleID, Name, Rating, Budget, Synopsis, Country)
VALUES (0120737, 'The Lord of the Rings: The Fellowship of the Ring', '8.8', 93000000, 'A meek Hobbit from the Shire and eight companions set out on a journey to destroy the powerful One Ring and save Middle-earth from the Dark Lord Sauron.', 'New Zealand');

INSERT INTO Genre(Genre_MediaID, GenreName)
VALUES(0120737, 'Action');

INSERT INTO Genre(Genre_MediaID, GenreName)
VALUES(0120737, 'Adventure');

INSERT INTO Genre(Genre_MediaID, GenreName)
VALUES(0120737, 'Drama');

INSERT INTO Genre(Genre_MediaID, GenreName)
VALUES(0120737, 'Fantasy');

INSERT INTO Languages(Language_MediaID, LanguageName)
VALUES(0120737, 'English');

INSERT INTO Languages(Language_MediaID, LanguageName)
VALUES(0120737, 'Sindarin');

INSERT INTO Movie(MovieID, Runtime)
VALUES(0120737, 178);

INSERT INTO MEDIA (TitleID, Name, Rating, Budget, Synopsis, Country)
VALUES (0060196, 'The Good, the Bad and the Ugly', '8.8', 1200000, 'A bounty hunting scam joins two men in an uneasy alliance against a third in a race to find a fortune in gold buried in a remote cemetery.', 'Italy');

INSERT INTO Genre(Genre_MediaID, GenreName)
VALUES(0060196, 'Adventure');

INSERT INTO Genre(Genre_MediaID, GenreName)
VALUES(0060196, 'Western');

INSERT INTO Languages(Language_MediaID, LanguageName)
VALUES(0060196, 'Italian');

INSERT INTO Languages(Language_MediaID, LanguageName)
VALUES(0060196, 'English');

INSERT INTO Movie(MovieID, Runtime)
VALUES(0060196, 161);

INSERT INTO MEDIA (TitleID, Name, Rating, Budget, Synopsis, Country)
VALUES (0109830, 'Forrest Gump', '8.8', 55000000, 'The presidencies of Kennedy and Johnson, the Vietnam War, the Watergate scandal and other historical events unfold from the perspective of an Alabama man with an IQ of 75, whose only desire is to be reunited with his childhood sweetheart.', 'United States');

INSERT INTO Genre(Genre_MediaID, GenreName)
VALUES(0109830, 'Drama');

INSERT INTO Genre(Genre_MediaID, GenreName)
VALUES(0109830, 'Romance');

INSERT INTO Languages(Language_MediaID, LanguageName)
VALUES(0109830, 'English');

INSERT INTO Movie(MovieID, Runtime)
VALUES(0109830, 142);

INSERT INTO MEDIA (TitleID, Name, Rating, Budget, Synopsis, Country)
VALUES (0137523, 'Fight Club', '8.8', 63000000, 'An insomniac office worker and a devil-may-care soap maker form an underground fight club that evolves into much more.', 'Germany');

INSERT INTO Genre(Genre_MediaID, GenreName)
VALUES(0137523, 'Drama');

INSERT INTO Languages(Language_MediaID, LanguageName)
VALUES(0137523, 'English');

INSERT INTO Movie(MovieID, Runtime)
VALUES(0137523, 139);

INSERT INTO MEDIA (TitleID, Name, Rating, Budget, Synopsis, Country)
VALUES (0167261, 'The Lord of the Rings: The Two Towers', '8.8', 94000000, 'While Frodo and Sam edge closer to Mordor with the help of the shifty Gollum, the divided fellowship makes a stand against Sauron''s new ally, Saruman, and his hordes of Isengard.', 'New Zealand');

INSERT INTO Genre(Genre_MediaID, GenreName)
VALUES(0167261, 'Action');

INSERT INTO Genre(Genre_MediaID, GenreName)
VALUES(0167261, 'Adventure');

INSERT INTO Genre(Genre_MediaID, GenreName)
VALUES(0167261, 'Drama');

INSERT INTO Genre(Genre_MediaID, GenreName)
VALUES(0167261, 'Fantasy');

INSERT INTO Languages(Language_MediaID, LanguageName)
VALUES(0167261, 'English');

INSERT INTO Languages(Language_MediaID, LanguageName)
VALUES(0167261, 'Sindarin');

INSERT INTO Languages(Language_MediaID, LanguageName)
VALUES(0167261, 'Old English');

INSERT INTO Movie(MovieID, Runtime)
VALUES(0167261, 179);

INSERT INTO MEDIA (TitleID, Name, Rating, Budget, Synopsis, Country)
VALUES (1375666, 'Inception', '8.8', 160000000, 'A thief who steals corporate secrets through the use of dream-sharing technology is given the inverse task of planting an idea into the mind of a C.E.O., but his tragic past may doom the project and his team to disaster.', 'United States');

INSERT INTO Genre(Genre_MediaID, GenreName)
VALUES(1375666, 'Action');

INSERT INTO Genre(Genre_MediaID, GenreName)
VALUES(1375666, 'Adventure');

INSERT INTO Genre(Genre_MediaID, GenreName)
VALUES(1375666, 'Sci-Fi');

INSERT INTO Genre(Genre_MediaID, GenreName)
VALUES(1375666, 'Thriller');

INSERT INTO Languages(Language_MediaID, LanguageName)
VALUES(1375666, 'English');

INSERT INTO Languages(Language_MediaID, LanguageName)
VALUES(1375666, 'Japanese');

INSERT INTO Languages(Language_MediaID, LanguageName)
VALUES(1375666, 'French');

INSERT INTO Movie(MovieID, Runtime)
VALUES(1375666, 148);

INSERT INTO MEDIA (TitleID, Name, Rating, Budget, Synopsis, Country)
VALUES (0080684, 'Star Wars: Episode V - The Empire Strikes Back', '8.7', 33000000, 'After the Rebels are brutally overpowered by the Empire on the ice planet Hoth, Luke Skywalker begins Jedi training with Yoda, while his friends are pursued across the galaxy by Darth Vader and bounty hunter Boba Fett.', 'United States');

INSERT INTO Genre(Genre_MediaID, GenreName)
VALUES(0080684, 'Action');

INSERT INTO Genre(Genre_MediaID, GenreName)
VALUES(0080684, 'Adventure');

INSERT INTO Genre(Genre_MediaID, GenreName)
VALUES(0080684, 'Fantasy');

INSERT INTO Genre(Genre_MediaID, GenreName)
VALUES(0080684, 'Sci-Fi');

INSERT INTO Languages(Language_MediaID, LanguageName)
VALUES(0080684, 'English');

INSERT INTO Movie(MovieID, Runtime)
VALUES(0080684, 124);

INSERT INTO MEDIA (TitleID, Name, Rating, Budget, Synopsis, Country)
VALUES (0133093, 'The Matrix', '8.7', 63000000, 'When a beautiful stranger leads computer hacker Neo to a forbidding underworld, he discovers the shocking truth--the life he knows is the elaborate deception of an evil cyber-intelligence.', 'United States');

INSERT INTO Genre(Genre_MediaID, GenreName)
VALUES(0133093, 'Action');

INSERT INTO Genre(Genre_MediaID, GenreName)
VALUES(0133093, 'Sci-Fi');

INSERT INTO Languages(Language_MediaID, LanguageName)
VALUES(0133093, 'English');

INSERT INTO Movie(MovieID, Runtime)
VALUES(0133093, 136);

INSERT INTO MEDIA (TitleID, Name, Rating, Budget, Synopsis, Country)
VALUES (0099685, 'Goodfellas', '8.7', 25000000, 'The story of Henry Hill and his life in the mob, covering his relationship with his wife Karen Hill and his mob partners Jimmy Conway and Tommy DeVito in the Italian-American crime syndicate.', 'United States');

INSERT INTO Genre(Genre_MediaID, GenreName)
VALUES(0099685, 'Biography');

INSERT INTO Genre(Genre_MediaID, GenreName)
VALUES(0099685, 'Crime');

INSERT INTO Genre(Genre_MediaID, GenreName)
VALUES(0099685, 'Drama');

INSERT INTO Languages(Language_MediaID, LanguageName)
VALUES(0099685, 'English');

INSERT INTO Languages(Language_MediaID, LanguageName)
VALUES(0099685, 'Italian');

INSERT INTO Movie(MovieID, Runtime)
VALUES(0099685, 145);

INSERT INTO MEDIA (TitleID, Name, Rating, Budget, Synopsis, Country)
VALUES (0073486, 'One Flew Over the Cuckoo''s Nest', '8.7', 4400000, 'In the Fall of 1963, a Korean War veteran and criminal pleads insanity and is admitted to a mental institution, where he rallies up the scared patients against the tyrannical nurse.', 'United States');

INSERT INTO Genre(Genre_MediaID, GenreName)
VALUES(0073486, 'Drama');

INSERT INTO Languages(Language_MediaID, LanguageName)
VALUES(0073486, 'English');

INSERT INTO Movie(MovieID, Runtime)
VALUES(0073486, 133);

INSERT INTO MEDIA (TitleID, Name, Rating, Budget, Synopsis, Country)
VALUES (0114369, 'Se7en', '8.6', 33000000, 'Two detectives, a rookie and a veteran, hunt a serial killer who uses the seven deadly sins as his motives.', 'United States');

INSERT INTO Genre(Genre_MediaID, GenreName)
VALUES(0114369, 'Crime');

INSERT INTO Genre(Genre_MediaID, GenreName)
VALUES(0114369, 'Drama');

INSERT INTO Genre(Genre_MediaID, GenreName)
VALUES(0114369, 'Mystery');

INSERT INTO Genre(Genre_MediaID, GenreName)
VALUES(0114369, 'Thriller');

INSERT INTO Languages(Language_MediaID, LanguageName)
VALUES(0114369, 'English');

INSERT INTO Movie(MovieID, Runtime)
VALUES(0114369, 127);

INSERT INTO MEDIA (TitleID, Name, Rating, Budget, Synopsis, Country)
VALUES (0047478, 'Seven Samurai', '8.6', 2000000, 'Farmers from a village exploited by bandits hire a veteran samurai for protection, who gathers six other samurai to join him. As the samurai teach the peasants how to defend themselves, the village is attacked by an army of bandits.', 'Japan');

INSERT INTO Genre(Genre_MediaID, GenreName)
VALUES(0047478, 'Action');

INSERT INTO Genre(Genre_MediaID, GenreName)
VALUES(0047478, 'Drama');

INSERT INTO Languages(Language_MediaID, LanguageName)
VALUES(0047478, 'Japanese');

INSERT INTO Movie(MovieID, Runtime)
VALUES(0047478, 207);

INSERT INTO MEDIA (TitleID, Name, Rating, Budget, Synopsis, Country)
VALUES (0038650, 'It''s a Wonderful Life', '8.6', 3180000, 'An angel is sent from Heaven to help a desperately frustrated businessman by showing him what life would have been like if he had never existed.', 'United States');

INSERT INTO Genre(Genre_MediaID, GenreName)
VALUES(0038650, 'Drama');

INSERT INTO Genre(Genre_MediaID, GenreName)
VALUES(0038650, 'Family');

INSERT INTO Genre(Genre_MediaID, GenreName)
VALUES(0038650, 'Fantasy');

INSERT INTO Genre(Genre_MediaID, GenreName)
VALUES(0038650, 'Romance');

INSERT INTO Languages(Language_MediaID, LanguageName)
VALUES(0038650, 'English');

INSERT INTO Languages(Language_MediaID, LanguageName)
VALUES(0038650, 'French');

INSERT INTO Movie(MovieID, Runtime)
VALUES(0038650, 130);

INSERT INTO MEDIA (TitleID, Name, Rating, Budget, Synopsis, Country)
VALUES (0102926, 'The Silence of the Lambs', '8.6', 19000000, 'A young F.B.I. cadet must receive the help of an incarcerated and manipulative cannibal killer to help catch another serial killer, a madman who skins his victims.', 'United States');

INSERT INTO Genre(Genre_MediaID, GenreName)
VALUES(0102926, 'Crime');

INSERT INTO Genre(Genre_MediaID, GenreName)
VALUES(0102926, 'Drama');

INSERT INTO Genre(Genre_MediaID, GenreName)
VALUES(0102926, 'Thriller');

INSERT INTO Languages(Language_MediaID, LanguageName)
VALUES(0102926, 'English');

INSERT INTO Languages(Language_MediaID, LanguageName)
VALUES(0102926, 'Latin');

INSERT INTO Movie(MovieID, Runtime)
VALUES(0102926, 118);

INSERT INTO MEDIA (TitleID, Name, Rating, Budget, Synopsis, Country)
VALUES (0317248, 'City of God', '8.6', 3300000, 'In the slums of Rio, two kids'' paths diverge as one struggles to become a photographer and the other a kingpin.', 'Brazil');

INSERT INTO Genre(Genre_MediaID, GenreName)
VALUES(0317248, 'Crime');

INSERT INTO Genre(Genre_MediaID, GenreName)
VALUES(0317248, 'Drama');

INSERT INTO Languages(Language_MediaID, LanguageName)
VALUES(0317248, 'Portuguese');

INSERT INTO Movie(MovieID, Runtime)
VALUES(0317248, 130);

INSERT INTO MEDIA (TitleID, Name, Rating, Budget, Synopsis, Country)
VALUES (0120815, 'Saving Private Ryan', '8.6', 70000000, 'Following the Normandy Landings, a group of U.S. soldiers go behind enemy lines to retrieve a paratrooper whose brothers have been killed in action.', 'United States');

INSERT INTO Genre(Genre_MediaID, GenreName)
VALUES(0120815, 'Drama');

INSERT INTO Genre(Genre_MediaID, GenreName)
VALUES(0120815, 'War');

INSERT INTO Languages(Language_MediaID, LanguageName)
VALUES(0120815, 'English');

INSERT INTO Languages(Language_MediaID, LanguageName)
VALUES(0120815, 'French');

INSERT INTO Languages(Language_MediaID, LanguageName)
VALUES(0120815, 'German');

INSERT INTO Languages(Language_MediaID, LanguageName)
VALUES(0120815, 'Czech');

INSERT INTO Movie(MovieID, Runtime)
VALUES(0120815, 169);

INSERT INTO MEDIA (TitleID, Name, Rating, Budget, Synopsis, Country)
VALUES (0118799, 'Life Is Beautiful', '8.6', 20000000, 'When an open-minded Jewish waiter and his son become victims of the Holocaust, he uses a perfect mixture of will, humor, and imagination to protect his son from the dangers around their camp.', 'Italy');

INSERT INTO Genre(Genre_MediaID, GenreName)
VALUES(0118799, 'Comedy');

INSERT INTO Genre(Genre_MediaID, GenreName)
VALUES(0118799, 'Drama');

INSERT INTO Genre(Genre_MediaID, GenreName)
VALUES(0118799, 'Romance');

INSERT INTO Genre(Genre_MediaID, GenreName)
VALUES(0118799, 'War');

INSERT INTO Languages(Language_MediaID, LanguageName)
VALUES(0118799, 'Italian');

INSERT INTO Languages(Language_MediaID, LanguageName)
VALUES(0118799, 'German');

INSERT INTO Languages(Language_MediaID, LanguageName)
VALUES(0118799, 'English');

INSERT INTO Movie(MovieID, Runtime)
VALUES(0118799, 116);

INSERT INTO MEDIA (TitleID, Name, Rating, Budget, Synopsis, Country)
VALUES (0816692, 'Interstellar', '8.6', 165000000, 'A team of explorers travel through a wormhole in space in an attempt to ensure humanity''s survival.', 'United States');

INSERT INTO Genre(Genre_MediaID, GenreName)
VALUES(0816692, 'Adventure');

INSERT INTO Genre(Genre_MediaID, GenreName)
VALUES(0816692, 'Drama');

INSERT INTO Genre(Genre_MediaID, GenreName)
VALUES(0816692, 'Sci-Fi');

INSERT INTO Languages(Language_MediaID, LanguageName)
VALUES(0816692, 'English');

INSERT INTO Movie(MovieID, Runtime)
VALUES(0816692, 169);

INSERT INTO MEDIA (TitleID, Name, Rating, Budget, Synopsis, Country)
VALUES (0120689, 'The Green Mile', '8.6', 60000000, 'The lives of guards on Death Row are affected by one of their charges: a black man accused of child murder and rape, yet who has a mysterious gift.', 'United States');

INSERT INTO Genre(Genre_MediaID, GenreName)
VALUES(0120689, 'Crime');

INSERT INTO Genre(Genre_MediaID, GenreName)
VALUES(0120689, 'Drama');

INSERT INTO Genre(Genre_MediaID, GenreName)
VALUES(0120689, 'Fantasy');

INSERT INTO Genre(Genre_MediaID, GenreName)
VALUES(0120689, 'Mystery');

INSERT INTO Languages(Language_MediaID, LanguageName)
VALUES(0120689, 'English');

INSERT INTO Languages(Language_MediaID, LanguageName)
VALUES(0120689, 'French');

INSERT INTO Movie(MovieID, Runtime)
VALUES(0120689, 189);

INSERT INTO MEDIA (TitleID, Name, Rating, Budget, Synopsis, Country)
VALUES (0076759, 'Star Wars: Episode IV - A New Hope', '8.6', 11000000, 'Luke Skywalker joins forces with a Jedi Knight, a cocky pilot, a Wookiee and two droids to save the galaxy from the Empire''s world-destroying battle station, while also attempting to rescue Princess Leia from the mysterious Darth Vader.', 'United States');

INSERT INTO Genre(Genre_MediaID, GenreName)
VALUES(0076759, 'Action');

INSERT INTO Genre(Genre_MediaID, GenreName)
VALUES(0076759, 'Adventure');

INSERT INTO Genre(Genre_MediaID, GenreName)
VALUES(0076759, 'Fantasy');

INSERT INTO Genre(Genre_MediaID, GenreName)
VALUES(0076759, 'Sci-Fi');

INSERT INTO Languages(Language_MediaID, LanguageName)
VALUES(0076759, 'English');

INSERT INTO Movie(MovieID, Runtime)
VALUES(0076759, 121);

INSERT INTO MEDIA (TitleID, Name, Rating, Budget, Synopsis, Country)
VALUES (0103064, 'Terminator 2: Judgment Day', '8.6', 102000000, 'A cyborg, identical to the one who failed to kill Sarah Connor, must now protect her 10-year old adolescent son John from an even more advanced and powerful cyborg.', 'United States');

INSERT INTO Genre(Genre_MediaID, GenreName)
VALUES(0103064, 'Action');

INSERT INTO Genre(Genre_MediaID, GenreName)
VALUES(0103064, 'Sci-Fi');

INSERT INTO Languages(Language_MediaID, LanguageName)
VALUES(0103064, 'English');

INSERT INTO Languages(Language_MediaID, LanguageName)
VALUES(0103064, 'Spanish');

INSERT INTO Movie(MovieID, Runtime)
VALUES(0103064, 137);

INSERT INTO MEDIA (TitleID, Name, Rating, Budget, Synopsis, Country)
VALUES (0088763, 'Back to the Future', '8.5', 19000000, 'Marty McFly, a 17-year-old high school student, is accidentally sent 30 years into the past in a time-traveling DeLorean invented by his close friend, the maverick scientist Doc Brown.', 'United States');

INSERT INTO Genre(Genre_MediaID, GenreName)
VALUES(0088763, 'Adventure');

INSERT INTO Genre(Genre_MediaID, GenreName)
VALUES(0088763, 'Comedy');

INSERT INTO Genre(Genre_MediaID, GenreName)
VALUES(0088763, 'Sci-Fi');

INSERT INTO Languages(Language_MediaID, LanguageName)
VALUES(0088763, 'English');

INSERT INTO Movie(MovieID, Runtime)
VALUES(0088763, 116);

INSERT INTO MEDIA (TitleID, Name, Rating, Budget, Synopsis, Country)
VALUES (0245429, 'Spirited Away', '8.6', 19000000, 'During her family''s move to the suburbs, a sullen 10-year-old girl wanders into a world ruled by gods, witches, and spirits, and where humans are changed into beasts.', 'Japan');

INSERT INTO Genre(Genre_MediaID, GenreName)
VALUES(0245429, 'Animation');

INSERT INTO Genre(Genre_MediaID, GenreName)
VALUES(0245429, 'Adventure');

INSERT INTO Genre(Genre_MediaID, GenreName)
VALUES(0245429, 'Family');

INSERT INTO Genre(Genre_MediaID, GenreName)
VALUES(0245429, 'Fantasy');

INSERT INTO Genre(Genre_MediaID, GenreName)
VALUES(0245429, 'Mystery');

INSERT INTO Languages(Language_MediaID, LanguageName)
VALUES(0245429, 'Japanese');

INSERT INTO Languages(Language_MediaID, LanguageName)
VALUES(0245429, 'English');

INSERT INTO Movie(MovieID, Runtime)
VALUES(0245429, 125);

INSERT INTO MEDIA (TitleID, Name, Rating, Budget, Synopsis, Country)
VALUES (0054215, 'Psycho', '8.5', 806947, 'A Phoenix secretary embezzles $40,000 from her employer''s client, goes on the run and checks into a remote motel run by a young man under the domination of his mother.', 'United States');

INSERT INTO Genre(Genre_MediaID, GenreName)
VALUES(0054215, 'Horror');

INSERT INTO Genre(Genre_MediaID, GenreName)
VALUES(0054215, 'Mystery');

INSERT INTO Genre(Genre_MediaID, GenreName)
VALUES(0054215, 'Thriller');

INSERT INTO Languages(Language_MediaID, LanguageName)
VALUES(0054215, 'English');

INSERT INTO Movie(MovieID, Runtime)
VALUES(0054215, 109);

INSERT INTO MEDIA (TitleID, Name, Rating, Budget, Synopsis, Country)
VALUES (0253474, 'The Pianist', '8.5', 35000000, 'A Polish Jewish musician struggles to survive the destruction of the Warsaw ghetto of World War II.', 'France');

INSERT INTO Genre(Genre_MediaID, GenreName)
VALUES(0253474, 'Biography');

INSERT INTO Genre(Genre_MediaID, GenreName)
VALUES(0253474, 'Drama');

INSERT INTO Genre(Genre_MediaID, GenreName)
VALUES(0253474, 'Music');

INSERT INTO Genre(Genre_MediaID, GenreName)
VALUES(0253474, 'War');

INSERT INTO Languages(Language_MediaID, LanguageName)
VALUES(0253474, 'English');

INSERT INTO Languages(Language_MediaID, LanguageName)
VALUES(0253474, 'German');

INSERT INTO Languages(Language_MediaID, LanguageName)
VALUES(0253474, 'Russian');

INSERT INTO Movie(MovieID, Runtime)
VALUES(0253474, 150);

INSERT INTO MEDIA (TitleID, Name, Rating, Budget, Synopsis, Country)
VALUES (6751668, 'Parasite', '8.5', NULL, 'Greed and class discrimination threaten the newly formed symbiotic relationship between the wealthy Park family and the destitute Kim clan.', 'South Korea');

INSERT INTO Genre(Genre_MediaID, GenreName)
VALUES(6751668, 'Drama');

INSERT INTO Genre(Genre_MediaID, GenreName)
VALUES(6751668, 'Thriller');

INSERT INTO Languages(Language_MediaID, LanguageName)
VALUES(6751668, 'Korean');

INSERT INTO Languages(Language_MediaID, LanguageName)
VALUES(6751668, 'English');

INSERT INTO Movie(MovieID, Runtime)
VALUES(6751668, 132);

INSERT INTO MEDIA (TitleID, Name, Rating, Budget, Synopsis, Country)
VALUES (0110413, 'Léon: The Professional', '8.5', 115000000, '12-year-old Mathilda is reluctantly taken in by Léon, a professional assassin, after her family is murdered. An unusual relationship forms as she becomes his protégée and learns the assassin''s trade.', 'France');

INSERT INTO Genre(Genre_MediaID, GenreName)
VALUES(0110413, 'Action');

INSERT INTO Genre(Genre_MediaID, GenreName)
VALUES(0110413, 'Crime');

INSERT INTO Genre(Genre_MediaID, GenreName)
VALUES(0110413, 'Drama');

INSERT INTO Genre(Genre_MediaID, GenreName)
VALUES(0110413, 'Thriller');

INSERT INTO Languages(Language_MediaID, LanguageName)
VALUES(0110413, 'English');

INSERT INTO Languages(Language_MediaID, LanguageName)
VALUES(0110413, 'Italian');

INSERT INTO Languages(Language_MediaID, LanguageName)
VALUES(0110413, 'French');

INSERT INTO Movie(MovieID, Runtime)
VALUES(0110413, 110);

INSERT INTO MEDIA (TitleID, Name, Rating, Budget, Synopsis, Country)
VALUES (0110357, 'The Lion King', '8.5', 45000000, 'Lion prince Simba and his father are targeted by his bitter uncle, who wants to ascend the throne himself.', 'United States');

INSERT INTO Genre(Genre_MediaID, GenreName)
VALUES(0110357, 'Animation');

INSERT INTO Genre(Genre_MediaID, GenreName)
VALUES(0110357, 'Adventure');

INSERT INTO Genre(Genre_MediaID, GenreName)
VALUES(0110357, 'Drama');

INSERT INTO Genre(Genre_MediaID, GenreName)
VALUES(0110357, 'Family');

INSERT INTO Genre(Genre_MediaID, GenreName)
VALUES(0110357, 'Musical');

INSERT INTO Languages(Language_MediaID, LanguageName)
VALUES(0110357, 'English');

INSERT INTO Languages(Language_MediaID, LanguageName)
VALUES(0110357, 'Swahili');

INSERT INTO Languages(Language_MediaID, LanguageName)
VALUES(0110357, 'Xhosa');

INSERT INTO Languages(Language_MediaID, LanguageName)
VALUES(0110357, 'Zulu');

INSERT INTO Movie(MovieID, Runtime)
VALUES(0110357, 88);

INSERT INTO MEDIA (TitleID, Name, Rating, Budget, Synopsis, Country)
VALUES (0172495, 'Gladiator', '8.5', 103000000, 'A former Roman General sets out to exact vengeance against the corrupt emperor who murdered his family and sent him into slavery.', 'United States');

INSERT INTO Genre(Genre_MediaID, GenreName)
VALUES(0172495, 'Action');

INSERT INTO Genre(Genre_MediaID, GenreName)
VALUES(0172495, 'Adventure');

INSERT INTO Genre(Genre_MediaID, GenreName)
VALUES(0172495, 'Drama');

INSERT INTO Languages(Language_MediaID, LanguageName)
VALUES(0172495, 'English');

INSERT INTO Movie(MovieID, Runtime)
VALUES(0172495, 155);

INSERT INTO MEDIA (TitleID, Name, Rating, Budget, Synopsis, Country)
VALUES (0120586, 'American History X', '8.5', 7500000, 'A former neo-nazi skinhead tries to prevent his younger brother from going down the same wrong path that he did.', 'United States');

INSERT INTO Genre(Genre_MediaID, GenreName)
VALUES(0120586, 'Crime');

INSERT INTO Genre(Genre_MediaID, GenreName)
VALUES(0120586, 'Drama');

INSERT INTO Languages(Language_MediaID, LanguageName)
VALUES(0120586, 'English');

INSERT INTO Movie(MovieID, Runtime)
VALUES(0120586, 119);

INSERT INTO MEDIA (TitleID, Name, Rating, Budget, Synopsis, Country)
VALUES (0407887, 'The Departed', '8.5', 90000000, 'An undercover cop and a mole in the police attempt to identify each other while infiltrating an Irish gang in South Boston.', 'United States');

INSERT INTO Genre(Genre_MediaID, GenreName)
VALUES(0407887, 'Crime');

INSERT INTO Genre(Genre_MediaID, GenreName)
VALUES(0407887, 'Drama');

INSERT INTO Genre(Genre_MediaID, GenreName)
VALUES(0407887, 'Thriller');

INSERT INTO Languages(Language_MediaID, LanguageName)
VALUES(0407887, 'English');

INSERT INTO Languages(Language_MediaID, LanguageName)
VALUES(0407887, 'Cantonese');

INSERT INTO Movie(MovieID, Runtime)
VALUES(0407887, 151);

INSERT INTO MEDIA (TitleID, Name, Rating, Budget, Synopsis, Country)
VALUES (0114814, 'The Usual Suspects', '8.5', 6000000, 'A sole survivor tells of the twisty events leading up to a horrific gun battle on a boat, which began when five criminals met at a seemingly random police lineup.', 'United States');

INSERT INTO Genre(Genre_MediaID, GenreName)
VALUES(0114814, 'Crime');

INSERT INTO Genre(Genre_MediaID, GenreName)
VALUES(0114814, 'Drama');

INSERT INTO Genre(Genre_MediaID, GenreName)
VALUES(0114814, 'Mystery');

INSERT INTO Genre(Genre_MediaID, GenreName)
VALUES(0114814, 'Thriller');

INSERT INTO Languages(Language_MediaID, LanguageName)
VALUES(0114814, 'English');

INSERT INTO Languages(Language_MediaID, LanguageName)
VALUES(0114814, 'Hungarian');

INSERT INTO Languages(Language_MediaID, LanguageName)
VALUES(0114814, 'Spanish');

INSERT INTO Languages(Language_MediaID, LanguageName)
VALUES(0114814, 'French');

INSERT INTO Movie(MovieID, Runtime)
VALUES(0114814, 106);

INSERT INTO MEDIA (TitleID, Name, Rating, Budget, Synopsis, Country)
VALUES (0482571, 'The Prestige', '8.5', 40000000, 'After a tragic accident, two stage magicians in 1890s London engage in a battle to create the ultimate illusion while sacrificing everything they have to outwit each other.', 'United Kingdom');

INSERT INTO Genre(Genre_MediaID, GenreName)
VALUES(0482571, 'Drama');

INSERT INTO Genre(Genre_MediaID, GenreName)
VALUES(0482571, 'Mystery');

INSERT INTO Genre(Genre_MediaID, GenreName)
VALUES(0482571, 'Sci-Fi');

INSERT INTO Genre(Genre_MediaID, GenreName)
VALUES(0482571, 'Thriller');

INSERT INTO Languages(Language_MediaID, LanguageName)
VALUES(0482571, 'English');

INSERT INTO Movie(MovieID, Runtime)
VALUES(0482571, 130);

INSERT INTO MEDIA (TitleID, Name, Rating, Budget, Synopsis, Country)
VALUES (2582802, 'Whiplash', '8.5', 3300000, 'A promising young drummer enrolls at a cut-throat music conservatory where his dreams of greatness are mentored by an instructor who will stop at nothing to realize a student''s potential.', 'United States');

INSERT INTO Genre(Genre_MediaID, GenreName)
VALUES(2582802, 'Drama');

INSERT INTO Genre(Genre_MediaID, GenreName)
VALUES(2582802, 'Music');

INSERT INTO Languages(Language_MediaID, LanguageName)
VALUES(2582802, 'English');

INSERT INTO Movie(MovieID, Runtime)
VALUES(2582802, 106);

INSERT INTO MEDIA (TitleID, Name, Rating, Budget, Synopsis, Country)
VALUES (0034583, 'Casablanca', '8.5', 950000, 'A cynical expatriate American cafe owner struggles to decide whether or not to help his former lover and her fugitive husband escape the Nazis in French Morocco.', 'United States');

INSERT INTO Genre(Genre_MediaID, GenreName)
VALUES(0034583, 'Drama');

INSERT INTO Genre(Genre_MediaID, GenreName)
VALUES(0034583, 'Romance');

INSERT INTO Genre(Genre_MediaID, GenreName)
VALUES(0034583, 'War');

INSERT INTO Languages(Language_MediaID, LanguageName)
VALUES(0034583, 'English');

INSERT INTO Languages(Language_MediaID, LanguageName)
VALUES(0034583, 'French');

INSERT INTO Languages(Language_MediaID, LanguageName)
VALUES(0034583, 'German');

INSERT INTO Languages(Language_MediaID, LanguageName)
VALUES(0034583, 'Italian');

INSERT INTO Movie(MovieID, Runtime)
VALUES(0034583, 102);

INSERT INTO MEDIA (TitleID, Name, Rating, Budget, Synopsis, Country)
VALUES (0056058, 'Harakiri', '8.6', NULL, 'When a ronin requesting seppuku at a feudal lord''s palace is told of the brutal suicide of another ronin who previously visited, he reveals how their pasts are intertwined - and in doing so challenges the clan''s integrity.', 'Japan');

INSERT INTO Genre(Genre_MediaID, GenreName)
VALUES(0056058, 'Action');

INSERT INTO Genre(Genre_MediaID, GenreName)
VALUES(0056058, 'Drama');

INSERT INTO Genre(Genre_MediaID, GenreName)
VALUES(0056058, 'Mystery');

INSERT INTO Languages(Language_MediaID, LanguageName)
VALUES(0056058, 'Japanese');

INSERT INTO Movie(MovieID, Runtime)
VALUES(0056058, 133);

INSERT INTO MEDIA (TitleID, Name, Rating, Budget, Synopsis, Country)
VALUES (1675434, 'The Intouchables', '8.5', 9500000, 'After he becomes a quadriplegic from a paragliding accident, an aristocrat hires a young man from the projects to be his caregiver.', 'France');

INSERT INTO Genre(Genre_MediaID, GenreName)
VALUES(1675434, 'Biography');

INSERT INTO Genre(Genre_MediaID, GenreName)
VALUES(1675434, 'Comedy');

INSERT INTO Genre(Genre_MediaID, GenreName)
VALUES(1675434, 'Drama');

INSERT INTO Languages(Language_MediaID, LanguageName)
VALUES(1675434, 'French');

INSERT INTO Languages(Language_MediaID, LanguageName)
VALUES(1675434, 'English');

INSERT INTO Movie(MovieID, Runtime)
VALUES(1675434, 112);

INSERT INTO MEDIA (TitleID, Name, Rating, Budget, Synopsis, Country)
VALUES (0095327, 'Grave of the Fireflies', '8.5', 3700000, 'A young boy and his little sister struggle to survive in Japan during World War II.', 'Japan');

INSERT INTO Genre(Genre_MediaID, GenreName)
VALUES(0095327, 'Animation');

INSERT INTO Genre(Genre_MediaID, GenreName)
VALUES(0095327, 'Drama');

INSERT INTO Genre(Genre_MediaID, GenreName)
VALUES(0095327, 'War');

INSERT INTO Languages(Language_MediaID, LanguageName)
VALUES(0095327, 'Japanese');

INSERT INTO Movie(MovieID, Runtime)
VALUES(0095327, 89);

INSERT INTO MEDIA (TitleID, Name, Rating, Budget, Synopsis, Country)
VALUES (0027977, 'Modern Times', '8.5', 1500000, 'The Tramp struggles to live in modern industrial society with the help of a young homeless woman.', 'United States');

INSERT INTO Genre(Genre_MediaID, GenreName)
VALUES(0027977, 'Comedy');

INSERT INTO Genre(Genre_MediaID, GenreName)
VALUES(0027977, 'Drama');

INSERT INTO Genre(Genre_MediaID, GenreName)
VALUES(0027977, 'Romance');

INSERT INTO Languages(Language_MediaID, LanguageName)
VALUES(0027977, 'English');

INSERT INTO Movie(MovieID, Runtime)
VALUES(0027977, 87);

INSERT INTO MEDIA (TitleID, Name, Rating, Budget, Synopsis, Country)
VALUES (0064116, 'Once Upon a Time in the West', '8.5', 5000000, 'A mysterious stranger with a harmonica joins forces with a notorious desperado to protect a beautiful widow from a ruthless assassin working for the railroad.', 'Italy');

INSERT INTO Genre(Genre_MediaID, GenreName)
VALUES(0064116, 'Western');

INSERT INTO Languages(Language_MediaID, LanguageName)
VALUES(0064116, 'Italian');

INSERT INTO Languages(Language_MediaID, LanguageName)
VALUES(0064116, 'English');

INSERT INTO Languages(Language_MediaID, LanguageName)
VALUES(0064116, 'Spanish');

INSERT INTO Movie(MovieID, Runtime)
VALUES(0064116, 165);

INSERT INTO MEDIA (TitleID, Name, Rating, Budget, Synopsis, Country)
VALUES (0047396, 'Rear Window', '8.5', 1000000, 'A wheelchair-bound photographer spies on his neighbors from his Greenwich Village courtyard apartment window, and becomes convinced one of them has committed murder, despite the skepticism of his fashion-model girlfriend.', 'United States');

INSERT INTO Genre(Genre_MediaID, GenreName)
VALUES(0047396, 'Mystery');

INSERT INTO Genre(Genre_MediaID, GenreName)
VALUES(0047396, 'Thriller');

INSERT INTO Languages(Language_MediaID, LanguageName)
VALUES(0047396, 'English');

INSERT INTO Movie(MovieID, Runtime)
VALUES(0047396, 112);

INSERT INTO MEDIA (TitleID, Name, Rating, Budget, Synopsis, Country)
VALUES (0095765, 'Cinema Paradiso', '8.5', 5000000, 'A filmmaker recalls his childhood when falling in love with the pictures at the cinema of his home village and forms a deep friendship with the cinema''s projectionist.', 'Italy');

INSERT INTO Genre(Genre_MediaID, GenreName)
VALUES(0095765, 'Drama');

INSERT INTO Genre(Genre_MediaID, GenreName)
VALUES(0095765, 'Romance');

INSERT INTO Languages(Language_MediaID, LanguageName)
VALUES(0095765, 'Italian');

INSERT INTO Movie(MovieID, Runtime)
VALUES(0095765, 155);

INSERT INTO MEDIA (TitleID, Name, Rating, Budget, Synopsis, Country)
VALUES (1213644, 'Disaster Movie', '1.9', 20000000, 'Over the course of one evening, an unsuspecting group of twenty-somethings find themselves bombarded by a series of natural disasters and catastrophic events.', 'United States');

INSERT INTO Genre(Genre_MediaID, GenreName)
VALUES(1213644, 'Comedy');

INSERT INTO Genre(Genre_MediaID, GenreName)
VALUES(1213644, 'Sci-Fi');

INSERT INTO Languages(Language_MediaID, LanguageName)
VALUES(1213644, 'English');

INSERT INTO Movie(MovieID, Runtime)
VALUES(1213644, 87);

INSERT INTO MEDIA (TitleID, Name, Rating, Budget, Synopsis, Country)
VALUES (0060666, 'Manos: The Hands of Fate', '1.6', 19000, 'A family gets lost on the road and stumbles upon a hidden, underground, devil-worshiping cult led by the fearsome Master and his servant Torgo.', 'United States');

INSERT INTO Genre(Genre_MediaID, GenreName)
VALUES(0060666, 'Horror');

INSERT INTO Languages(Language_MediaID, LanguageName)
VALUES(0060666, 'English');

INSERT INTO Movie(MovieID, Runtime)
VALUES(0060666, 70);

INSERT INTO MEDIA (TitleID, Name, Rating, Budget, Synopsis, Country)
VALUES (1316037, 'Birdemic: Shock and Terror', '1.7', 10000, 'A horde of mutated birds descends upon the quiet town of Half Moon Bay, California. As the death toll rises, two citizens manage to fight back, but will they survive Birdemic?', 'United States');

INSERT INTO Genre(Genre_MediaID, GenreName)
VALUES(1316037, 'Horror');

INSERT INTO Genre(Genre_MediaID, GenreName)
VALUES(1316037, 'Thriller');

INSERT INTO Languages(Language_MediaID, LanguageName)
VALUES(1316037, 'English');

INSERT INTO Movie(MovieID, Runtime)
VALUES(1316037, 105);

INSERT INTO MEDIA (TitleID, Name, Rating, Budget, Synopsis, Country)
VALUES (0270846, 'Superbabies: Baby Geniuses 2', '1.5', 20000000, 'A group of smart-talking toddlers find themselves at the center of a media mogul''s experiment to crack the code to baby talk. The toddlers must race against time for the sake of babies everywhere.', 'Germany');

INSERT INTO Genre(Genre_MediaID, GenreName)
VALUES(0270846, 'Comedy');

INSERT INTO Genre(Genre_MediaID, GenreName)
VALUES(0270846, 'Family');

INSERT INTO Genre(Genre_MediaID, GenreName)
VALUES(0270846, 'Sci-Fi');

INSERT INTO Languages(Language_MediaID, LanguageName)
VALUES(0270846, 'English');

INSERT INTO Movie(MovieID, Runtime)
VALUES(0270846, 88);

INSERT INTO MEDIA (TitleID, Name, Rating, Budget, Synopsis, Country)
VALUES (0804492, 'The Hottie and the Nottie', '1.9', NULL, 'A woman agrees to go on a date with a man only if he finds a suitor for her unattractive best friend.', 'United States');

INSERT INTO Genre(Genre_MediaID, GenreName)
VALUES(0804492, 'Comedy');

INSERT INTO Genre(Genre_MediaID, GenreName)
VALUES(0804492, 'Romance');

INSERT INTO Languages(Language_MediaID, LanguageName)
VALUES(0804492, 'English');

INSERT INTO Movie(MovieID, Runtime)
VALUES(0804492, 91);

INSERT INTO MEDIA (TitleID, Name, Rating, Budget, Synopsis, Country)
VALUES (0317676, 'House of the Dead', '2.1', 7000000, 'A group of college students travels to a mysterious island to attend a rave, which is soon taken over by bloodthirsty zombies.', 'Germany');

INSERT INTO Genre(Genre_MediaID, GenreName)
VALUES(0317676, 'Action');

INSERT INTO Genre(Genre_MediaID, GenreName)
VALUES(0317676, 'Adventure');

INSERT INTO Genre(Genre_MediaID, GenreName)
VALUES(0317676, 'Horror');

INSERT INTO Languages(Language_MediaID, LanguageName)
VALUES(0317676, 'English');

INSERT INTO Movie(MovieID, Runtime)
VALUES(0317676, 90);

INSERT INTO MEDIA (TitleID, Name, Rating, Budget, Synopsis, Country)
VALUES (0362165, 'Son of the Mask', '2.2', 84000000, 'Tim Avery, an aspiring cartoonist, finds himself in a predicament when his dog stumbles upon the mask of Loki. Then after conceiving an infant son "born of the mask", he discovers just how looney child raising can be.', 'United States');

INSERT INTO Genre(Genre_MediaID, GenreName)
VALUES(0362165, 'Comedy');

INSERT INTO Genre(Genre_MediaID, GenreName)
VALUES(0362165, 'Family');

INSERT INTO Genre(Genre_MediaID, GenreName)
VALUES(0362165, 'Fantasy');

INSERT INTO Languages(Language_MediaID, LanguageName)
VALUES(0362165, 'English');

INSERT INTO Movie(MovieID, Runtime)
VALUES(0362165, 94);

INSERT INTO MEDIA (TitleID, Name, Rating, Budget, Synopsis, Country)
VALUES (4009460, 'Kirk Cameron''s Saving Christmas', '1.3', 500000, 'His annual Christmas party faltering thanks to his cynical brother-in-law, former Growing Pains star Kirk Cameron attempts to save the day by showing him that Jesus Christ remains a crucial component of the over-commercialized holiday..', 'United States');

INSERT INTO Genre(Genre_MediaID, GenreName)
VALUES(4009460, 'Comedy');

INSERT INTO Genre(Genre_MediaID, GenreName)
VALUES(4009460, 'Family');

INSERT INTO Languages(Language_MediaID, LanguageName)
VALUES(4009460, 'English');

INSERT INTO Movie(MovieID, Runtime)
VALUES(4009460, 79);

INSERT INTO MEDIA (TitleID, Name, Rating, Budget, Synopsis, Country)
VALUES (0799949, 'Epic Movie', '2.4', 20000000, 'A spoof on previous years'' epic movies (The Da Vinci Code (2006), The Chronicles of Narnia: The Lion, the Witch and the Wardrobe (2005) + 20 more), TV series, music videos and celebs. 4 orphans are on an epic adventure.', 'United States');

INSERT INTO Genre(Genre_MediaID, GenreName)
VALUES(0799949, 'Adventure');

INSERT INTO Genre(Genre_MediaID, GenreName)
VALUES(0799949, 'Comedy');

INSERT INTO Genre(Genre_MediaID, GenreName)
VALUES(0799949, 'Fantasy');

INSERT INTO Languages(Language_MediaID, LanguageName)
VALUES(0799949, 'English');

INSERT INTO Movie(MovieID, Runtime)
VALUES(0799949, 86);

INSERT INTO MEDIA (TitleID, Name, Rating, Budget, Synopsis, Country)
VALUES (0185183, 'Battlefield Earth', '2.5', 73000000, 'It''s the year 3000 A.D., and the Earth is lost to the alien race of Psychlos. Humanity is enslaved by these gold-thirsty tyrants, who are unaware that their ''man-animals'' are about to ignite the rebellion of a lifetime.', 'United States');

INSERT INTO Genre(Genre_MediaID, GenreName)
VALUES(0185183, 'Action');

INSERT INTO Genre(Genre_MediaID, GenreName)
VALUES(0185183, 'Adventure');

INSERT INTO Genre(Genre_MediaID, GenreName)
VALUES(0185183, 'Sci-Fi');

INSERT INTO Languages(Language_MediaID, LanguageName)
VALUES(0185183, 'English');

INSERT INTO Movie(MovieID, Runtime)
VALUES(0185183, 118);

INSERT INTO MEDIA (TitleID, Name, Rating, Budget, Synopsis, Country)
VALUES (0417056, 'Pledge This!', '1.6', 8300000, 'At South Beach University, a beautiful sorority president takes in a group of unconventional freshman girls seeking acceptance into her house.', 'United States');

INSERT INTO Genre(Genre_MediaID, GenreName)
VALUES(0417056, 'Comedy');

INSERT INTO Languages(Language_MediaID, LanguageName)
VALUES(0417056, 'English');

INSERT INTO Movie(MovieID, Runtime)
VALUES(0417056, 91);

INSERT INTO MEDIA (TitleID, Name, Rating, Budget, Synopsis, Country)
VALUES (10888594, 'Radhe', '1.9', NULL, 'After taking the dreaded gangster Gani Bhai, ACP Rajveer Shikawat aka Radhe goes on a manhunt to find the wealthiest man of the town secretly running a crime syndicate.', 'India');

INSERT INTO Genre(Genre_MediaID, GenreName)
VALUES(10888594, 'Action');

INSERT INTO Genre(Genre_MediaID, GenreName)
VALUES(10888594, 'Crime');

INSERT INTO Genre(Genre_MediaID, GenreName)
VALUES(10888594, 'Thriller');

INSERT INTO Languages(Language_MediaID, LanguageName)
VALUES(10888594, 'Hindi');

INSERT INTO Movie(MovieID, Runtime)
VALUES(10888594, 135);

INSERT INTO MEDIA (TitleID, Name, Rating, Budget, Synopsis, Country)
VALUES (0369226, 'Alone in the Dark', '2.4', 20000000, 'A detective of the paranormal slowly unravels mysterious events with deadly results.', 'Canada');

INSERT INTO Genre(Genre_MediaID, GenreName)
VALUES(0369226, 'Action');

INSERT INTO Genre(Genre_MediaID, GenreName)
VALUES(0369226, 'Horror');

INSERT INTO Genre(Genre_MediaID, GenreName)
VALUES(0369226, 'Sci-Fi');

INSERT INTO Languages(Language_MediaID, LanguageName)
VALUES(0369226, 'English');

INSERT INTO Movie(MovieID, Runtime)
VALUES(0369226, 99);

INSERT INTO MEDIA (TitleID, Name, Rating, Budget, Synopsis, Country)
VALUES (1098327, 'Dragonball Evolution', '2.6', 30000000, 'The young warrior Son Goku sets out on a quest, racing against time and the vengeful King Piccolo, to collect a set of seven magical orbs that will grant their wielder unlimited power.', 'United Kingdom');

INSERT INTO Genre(Genre_MediaID, GenreName)
VALUES(1098327, 'Action');

INSERT INTO Genre(Genre_MediaID, GenreName)
VALUES(1098327, 'Adventure');

INSERT INTO Genre(Genre_MediaID, GenreName)
VALUES(1098327, 'Fantasy');

INSERT INTO Genre(Genre_MediaID, GenreName)
VALUES(1098327, 'Sci-Fi');

INSERT INTO Genre(Genre_MediaID, GenreName)
VALUES(1098327, 'Thriller');

INSERT INTO Languages(Language_MediaID, LanguageName)
VALUES(1098327, 'English');

INSERT INTO Languages(Language_MediaID, LanguageName)
VALUES(1098327, 'Japanese');

INSERT INTO Languages(Language_MediaID, LanguageName)
VALUES(1098327, 'Hindi');

INSERT INTO Movie(MovieID, Runtime)
VALUES(1098327, 85);

INSERT INTO MEDIA (TitleID, Name, Rating, Budget, Synopsis, Country)
VALUES (0339034, 'From Justin to Kelly', '1.9', 12000000, 'A waitress from Texas and a college student from Pennsylvania meet during spring break in Fort Lauderdale, Florida and come together through their shared love of singing.', 'United States');

INSERT INTO Genre(Genre_MediaID, GenreName)
VALUES(0339034, 'Comedy');

INSERT INTO Genre(Genre_MediaID, GenreName)
VALUES(0339034, 'Musical');

INSERT INTO Genre(Genre_MediaID, GenreName)
VALUES(0339034, 'Romance');

INSERT INTO Languages(Language_MediaID, LanguageName)
VALUES(0339034, 'English');

INSERT INTO Movie(MovieID, Runtime)
VALUES(0339034, 81);

INSERT INTO MEDIA (TitleID, Name, Rating, Budget, Synopsis, Country)
VALUES (7431594, 'Race 3', '1.9', NULL, 'Relationships and loyalties of a criminal family planning its next big heist are tested when some shocking revelations strike them.', 'India');

INSERT INTO Genre(Genre_MediaID, GenreName)
VALUES(7431594, 'Action');

INSERT INTO Genre(Genre_MediaID, GenreName)
VALUES(7431594, 'Crime');

INSERT INTO Genre(Genre_MediaID, GenreName)
VALUES(7431594, 'Thriller');

INSERT INTO Languages(Language_MediaID, LanguageName)
VALUES(7431594, 'Hindi');

INSERT INTO Movie(MovieID, Runtime)
VALUES(7431594, 160);

INSERT INTO MEDIA (TitleID, Name, Rating, Budget, Synopsis, Country)
VALUES (0096870, 'Going Overboard', '1.8', 800000, 'A struggling young comedian takes a menial job on a cruise ship hoping for his big chance to make it in the world of cruise-ship comedy.', 'United States');

INSERT INTO Genre(Genre_MediaID, GenreName)
VALUES(0096870, 'Comedy');

INSERT INTO Languages(Language_MediaID, LanguageName)
VALUES(0096870, 'English');

INSERT INTO Movie(MovieID, Runtime)
VALUES(0096870, 99);

INSERT INTO MEDIA (TitleID, Name, Rating, Budget, Synopsis, Country)
VALUES (1073498, 'Meet the Spartans', '2.8', 30000000, 'A spoof of 300 (2006) and many other movies, TV series/shows/commercials, video games and celebrities. King Leonidas of Sparta and his army of 12 go to war against Xerxes of Persia to fight to the death for Sparta''s freedom.', 'United States');

INSERT INTO Genre(Genre_MediaID, GenreName)
VALUES(1073498, 'Comedy');

INSERT INTO Genre(Genre_MediaID, GenreName)
VALUES(1073498, 'Fantasy');

INSERT INTO Languages(Language_MediaID, LanguageName)
VALUES(1073498, 'English');

INSERT INTO Movie(MovieID, Runtime)
VALUES(1073498, 87);

INSERT INTO MEDIA (TitleID, Name, Rating, Budget, Synopsis, Country)
VALUES (0808240, 'Turks in Space', '1.5', 5000000, 'A family of Turks try to adapt to life in a new solar system.', 'Turkey');

INSERT INTO Genre(Genre_MediaID, GenreName)
VALUES(0808240, 'Action');

INSERT INTO Genre(Genre_MediaID, GenreName)
VALUES(0808240, 'Comedy');

INSERT INTO Genre(Genre_MediaID, GenreName)
VALUES(0808240, 'Sci-Fi');

INSERT INTO Languages(Language_MediaID, LanguageName)
VALUES(0808240, 'Turkish');

INSERT INTO Movie(MovieID, Runtime)
VALUES(0808240, 110);

INSERT INTO MEDIA (TitleID, Name, Rating, Budget, Synopsis, Country)
VALUES (0299930, 'Gigli', '2.6', 75600000, 'Larry Gigli is assigned by a crime boss to kidnap the brother of a prominent district attorney. A beautiful woman known only as Ricki is sent to stay with him to make sure he doesn''t mess up the job.', 'United States');

INSERT INTO Genre(Genre_MediaID, GenreName)
VALUES(0299930, 'Comedy');

INSERT INTO Genre(Genre_MediaID, GenreName)
VALUES(0299930, 'Crime');

INSERT INTO Genre(Genre_MediaID, GenreName)
VALUES(0299930, 'Romance');

INSERT INTO Languages(Language_MediaID, LanguageName)
VALUES(0299930, 'English');

INSERT INTO Movie(MovieID, Runtime)
VALUES(0299930, 121);

INSERT INTO MEDIA (TitleID, Name, Rating, Budget, Synopsis, Country)
VALUES (0249516, 'Foodfight!', '1.3', 65000000, 'The evil Brand X joins a supermarket that becomes a city after closing time.', 'United States');

INSERT INTO Genre(Genre_MediaID, GenreName)
VALUES(0249516, 'Animation');

INSERT INTO Genre(Genre_MediaID, GenreName)
VALUES(0249516, 'Action');

INSERT INTO Genre(Genre_MediaID, GenreName)
VALUES(0249516, 'Adventure');

INSERT INTO Genre(Genre_MediaID, GenreName)
VALUES(0249516, 'Comedy');

INSERT INTO Genre(Genre_MediaID, GenreName)
VALUES(0249516, 'Family');

INSERT INTO Genre(Genre_MediaID, GenreName)
VALUES(0249516, 'Fantasy');

INSERT INTO Genre(Genre_MediaID, GenreName)
VALUES(0249516, 'Mystery');

INSERT INTO Languages(Language_MediaID, LanguageName)
VALUES(0249516, 'English');

INSERT INTO Movie(MovieID, Runtime)
VALUES(0249516, 91);

INSERT INTO MEDIA (TitleID, Name, Rating, Budget, Synopsis, Country)
VALUES (0466342, 'Date Movie', '2.8', 20000000, 'Spoof of romantic comedies which focuses on a man, his crush, his parents, and her father.', 'United States');

INSERT INTO Genre(Genre_MediaID, GenreName)
VALUES(0466342, 'Comedy');

INSERT INTO Genre(Genre_MediaID, GenreName)
VALUES(0466342, 'Romance');

INSERT INTO Languages(Language_MediaID, LanguageName)
VALUES(0466342, 'English');

INSERT INTO Movie(MovieID, Runtime)
VALUES(0466342, 83);

INSERT INTO MEDIA (TitleID, Name, Rating, Budget, Synopsis, Country)
VALUES (5697572, 'Cats', '2.8', NULL, 'A tribe of cats called the Jellicles must decide yearly which one will ascend to the Heaviside Layer and come back to a new Jellicle life.', 'United Kingdom');

INSERT INTO Genre(Genre_MediaID, GenreName)
VALUES(5697572, 'Comedy');

INSERT INTO Genre(Genre_MediaID, GenreName)
VALUES(5697572, 'Drama');

INSERT INTO Genre(Genre_MediaID, GenreName)
VALUES(5697572, 'Family');

INSERT INTO Genre(Genre_MediaID, GenreName)
VALUES(5697572, 'Fantasy');

INSERT INTO Genre(Genre_MediaID, GenreName)
VALUES(5697572, 'Musical');

INSERT INTO Languages(Language_MediaID, LanguageName)
VALUES(5697572, 'English');

INSERT INTO Movie(MovieID, Runtime)
VALUES(5697572, 110);

INSERT INTO MEDIA (TitleID, Name, Rating, Budget, Synopsis, Country)
VALUES (0118665, 'Baby Geniuses', '2.5', 12000000, 'Scientists hold super intelligent talking babies captive, but things take a turn for the worse when a mix-up occurs between a baby genius and its twin.', 'United States');

INSERT INTO Genre(Genre_MediaID, GenreName)
VALUES(0118665, 'Comedy');

INSERT INTO Genre(Genre_MediaID, GenreName)
VALUES(0118665, 'Crime');

INSERT INTO Genre(Genre_MediaID, GenreName)
VALUES(0118665, 'Family');

INSERT INTO Genre(Genre_MediaID, GenreName)
VALUES(0118665, 'Sci-Fi');

INSERT INTO Languages(Language_MediaID, LanguageName)
VALUES(0118665, 'English');

INSERT INTO Movie(MovieID, Runtime)
VALUES(0118665, 97);

INSERT INTO MEDIA (TitleID, Name, Rating, Budget, Synopsis, Country)
VALUES (0421051, 'Daniel the Wizard', '1.2', NULL, 'Evil assassins want to kill Daniel Kublbock, the third runner up for the German Idols.', 'Germany');

INSERT INTO Genre(Genre_MediaID, GenreName)
VALUES(0421051, 'Comedy');

INSERT INTO Genre(Genre_MediaID, GenreName)
VALUES(0421051, 'Crime');

INSERT INTO Genre(Genre_MediaID, GenreName)
VALUES(0421051, 'Fantasy');

INSERT INTO Genre(Genre_MediaID, GenreName)
VALUES(0421051, 'Music');

INSERT INTO Languages(Language_MediaID, LanguageName)
VALUES(0421051, 'German');

INSERT INTO Movie(MovieID, Runtime)
VALUES(0421051, 81);

INSERT INTO MEDIA (TitleID, Name, Rating, Budget, Synopsis, Country)
VALUES (0118589, 'Glitter', '2.4', 22000000, 'A young singer dates a disc jockey who helps her get into the music business, but their relationship become complicated as she ascends to super stardom.', 'United States');

INSERT INTO Genre(Genre_MediaID, GenreName)
VALUES(0118589, 'Drama');

INSERT INTO Genre(Genre_MediaID, GenreName)
VALUES(0118589, 'Music');

INSERT INTO Genre(Genre_MediaID, GenreName)
VALUES(0118589, 'Romance');

INSERT INTO Languages(Language_MediaID, LanguageName)
VALUES(0118589, 'English');

INSERT INTO Movie(MovieID, Runtime)
VALUES(0118589, 104);

INSERT INTO MEDIA (TitleID, Name, Rating, Budget, Synopsis, Country)
VALUES (0093300, 'Jaws: The Revenge', '3.0', 23000000, 'Chief Brody''s widow believes that her family is deliberately being targeted by another shark in search of revenge.', 'United States');

INSERT INTO Genre(Genre_MediaID, GenreName)
VALUES(0093300, 'Adventure');

INSERT INTO Genre(Genre_MediaID, GenreName)
VALUES(0093300, 'Horror');

INSERT INTO Genre(Genre_MediaID, GenreName)
VALUES(0093300, 'Thriller');

INSERT INTO Languages(Language_MediaID, LanguageName)
VALUES(0093300, 'English');

INSERT INTO Movie(MovieID, Runtime)
VALUES(0093300, 89);

INSERT INTO MEDIA (TitleID, Name, Rating, Budget, Synopsis, Country)
VALUES (0105643, 'Troll 2', '2.9', 100000, 'A vacationing family discovers that the entire town they''re visiting is inhabited by goblins, disguised as humans, who plan to eat them.', 'Italy');

INSERT INTO Genre(Genre_MediaID, GenreName)
VALUES(0105643, 'Comedy');

INSERT INTO Genre(Genre_MediaID, GenreName)
VALUES(0105643, 'Fantasy');

INSERT INTO Genre(Genre_MediaID, GenreName)
VALUES(0105643, 'Horror');

INSERT INTO Languages(Language_MediaID, LanguageName)
VALUES(0105643, 'English');

INSERT INTO Movie(MovieID, Runtime)
VALUES(0105643, 95);

INSERT INTO MEDIA (TitleID, Name, Rating, Budget, Synopsis, Country)
VALUES (1883367, 'The Human Centipede III (Final Sequence)', '2.8', NULL, 'Taking inspiration from The Human Centipede films, the warden of a notorious and troubled prison looks to create a 500-person human centipede as a solution to his problems.', 'United States');

INSERT INTO Genre(Genre_MediaID, GenreName)
VALUES(1883367, 'Comedy');

INSERT INTO Genre(Genre_MediaID, GenreName)
VALUES(1883367, 'Horror');

INSERT INTO Languages(Language_MediaID, LanguageName)
VALUES(1883367, 'English');

INSERT INTO Movie(MovieID, Runtime)
VALUES(1883367, 102);

INSERT INTO MEDIA (TitleID, Name, Rating, Budget, Synopsis, Country)
VALUES (0383222, 'BloodRayne', '2.9', 20000000, 'In the eighteenth century, a vampire escapes from the freak show, in which she once participated, and teams up with a group of vampire slayers to kill the man who raped her mother.', 'Germany');

INSERT INTO Genre(Genre_MediaID, GenreName)
VALUES(0383222, 'Action');

INSERT INTO Genre(Genre_MediaID, GenreName)
VALUES(0383222, 'Fantasy');

INSERT INTO Genre(Genre_MediaID, GenreName)
VALUES(0383222, 'Horror');

INSERT INTO Languages(Language_MediaID, LanguageName)
VALUES(0383222, 'English');

INSERT INTO Movie(MovieID, Runtime)
VALUES(0383222, 95);

INSERT INTO MEDIA (TitleID, Name, Rating, Budget, Synopsis, Country)
VALUES (0089280, 'Hobgoblins', '2.1', 15000, 'A young security guard must track down diminutive aliens who kill people even as they make their fantasies come true.', 'United States');

INSERT INTO Genre(Genre_MediaID, GenreName)
VALUES(0089280, 'Comedy');

INSERT INTO Genre(Genre_MediaID, GenreName)
VALUES(0089280, 'Horror');

INSERT INTO Genre(Genre_MediaID, GenreName)
VALUES(0089280, 'Sci-Fi');

INSERT INTO Languages(Language_MediaID, LanguageName)
VALUES(0089280, 'English');

INSERT INTO Movie(MovieID, Runtime)
VALUES(0089280, 88);

INSERT INTO MEDIA (TitleID, Name, Rating, Budget, Synopsis, Country)
VALUES (11762434, 'Cosmic Sin', '2.5', NULL, 'Seven rogue soldiers launch a preemptive strike against a newly discovered alien civilization in the hopes of ending an interstellar war before it starts.', 'United States');

INSERT INTO Genre(Genre_MediaID, GenreName)
VALUES(11762434, 'Action');

INSERT INTO Genre(Genre_MediaID, GenreName)
VALUES(11762434, 'Sci-Fi');

INSERT INTO Languages(Language_MediaID, LanguageName)
VALUES(11762434, 'English');

INSERT INTO Movie(MovieID, Runtime)
VALUES(11762434, 88);

INSERT INTO MEDIA (TitleID, Name, Rating, Budget, Synopsis, Country)
VALUES (2467046, 'Left Behind', '3.1', 16000000, 'A small group of survivors are left behind after millions of people suddenly vanish and the world is plunged into chaos and destruction.', 'United States');

INSERT INTO Genre(Genre_MediaID, GenreName)
VALUES(2467046, 'Action');

INSERT INTO Genre(Genre_MediaID, GenreName)
VALUES(2467046, 'Fantasy');

INSERT INTO Genre(Genre_MediaID, GenreName)
VALUES(2467046, 'Sci-Fi');

INSERT INTO Genre(Genre_MediaID, GenreName)
VALUES(2467046, 'Thriller');

INSERT INTO Languages(Language_MediaID, LanguageName)
VALUES(2467046, 'English');

INSERT INTO Movie(MovieID, Runtime)
VALUES(2467046, 110);

INSERT INTO MEDIA (TitleID, Name, Rating, Budget, Synopsis, Country)
VALUES (12996154, '365 Days: This Day', '2.6', NULL, 'Laura and Massimo are back and stronger than ever. But Massimo''s family ties and a mysterious man bidding for Laura''s heart complicate the lovers'' lives.', 'Poland');

INSERT INTO Genre(Genre_MediaID, GenreName)
VALUES(12996154, 'Drama');

INSERT INTO Genre(Genre_MediaID, GenreName)
VALUES(12996154, 'Romance');

INSERT INTO Languages(Language_MediaID, LanguageName)
VALUES(12996154, 'Polish');

INSERT INTO Languages(Language_MediaID, LanguageName)
VALUES(12996154, 'Italian');

INSERT INTO Languages(Language_MediaID, LanguageName)
VALUES(12996154, 'English');

INSERT INTO Movie(MovieID, Runtime)
VALUES(12996154, 111);

INSERT INTO MEDIA (TitleID, Name, Rating, Budget, Synopsis, Country)
VALUES (10886166, '365 Days', '3.3', NULL, 'Massimo is a member of the Sicilian Mafia family and Laura is a sales director. She does not expect that on a trip to Sicily trying to save her relationship, Massimo will kidnap her and give her 365 days to fall in love with him.', 'Poland');

INSERT INTO Genre(Genre_MediaID, GenreName)
VALUES(10886166, 'Drama');

INSERT INTO Genre(Genre_MediaID, GenreName)
VALUES(10886166, 'Romance');

INSERT INTO Languages(Language_MediaID, LanguageName)
VALUES(10886166, 'Polish');

INSERT INTO Languages(Language_MediaID, LanguageName)
VALUES(10886166, 'English');

INSERT INTO Languages(Language_MediaID, LanguageName)
VALUES(10886166, 'Italian');

INSERT INTO Movie(MovieID, Runtime)
VALUES(10886166, 114);

INSERT INTO MEDIA (TitleID, Name, Rating, Budget, Synopsis, Country)
VALUES (0785077, 'Who''s Your Caddy?', '2.2', 7000000, 'When a rap mogul from Atlanta tries to join a conservative country club in the Carolinas he runs into fierce opposition from the board President- but it''s nothing that he and his entourage can''t handle.', 'United States');

INSERT INTO Genre(Genre_MediaID, GenreName)
VALUES(0785077, 'Comedy');

INSERT INTO Genre(Genre_MediaID, GenreName)
VALUES(0785077, 'Sport');

INSERT INTO Languages(Language_MediaID, LanguageName)
VALUES(0785077, 'English');

INSERT INTO Movie(MovieID, Runtime)
VALUES(0785077, 93);

INSERT INTO MEDIA (TitleID, Name, Rating, Budget, Synopsis, Country)
VALUES (0810913, 'Jack and Jill', '3.3', 79000000, 'Family guy, Jack Sadelstein, prepares for the annual event he always dreads--the Thanksgiving visit of his fraternal twin sister, the needy, and passive-aggressive Jill, who then refuses to leave.', 'United States');

INSERT INTO Genre(Genre_MediaID, GenreName)
VALUES(0810913, 'Comedy');

INSERT INTO Languages(Language_MediaID, LanguageName)
VALUES(0810913, 'English');

INSERT INTO Movie(MovieID, Runtime)
VALUES(0810913, 91);

INSERT INTO MEDIA (TitleID, Name, Rating, Budget, Synopsis, Country)
VALUES (0246894, 'Rollerball', '3.1', 70000000, 'The big thing in 2005 is a violent sport which can have some pretty serious consequences... like dying.', 'United States');

INSERT INTO Genre(Genre_MediaID, GenreName)
VALUES(0246894, 'Action');

INSERT INTO Genre(Genre_MediaID, GenreName)
VALUES(0246894, 'Sci-Fi');

INSERT INTO Genre(Genre_MediaID, GenreName)
VALUES(0246894, 'Sport');

INSERT INTO Languages(Language_MediaID, LanguageName)
VALUES(0246894, 'English');

INSERT INTO Languages(Language_MediaID, LanguageName)
VALUES(0246894, 'Russian');

INSERT INTO Languages(Language_MediaID, LanguageName)
VALUES(0246894, 'French');

INSERT INTO Languages(Language_MediaID, LanguageName)
VALUES(0246894, 'Arabic');

INSERT INTO Languages(Language_MediaID, LanguageName)
VALUES(0246894, 'Korean');

INSERT INTO Languages(Language_MediaID, LanguageName)
VALUES(0246894, 'German');

INSERT INTO Languages(Language_MediaID, LanguageName)
VALUES(0246894, 'Japanese');

INSERT INTO Movie(MovieID, Runtime)
VALUES(0246894, 98);

INSERT INTO MEDIA (TitleID, Name, Rating, Budget, Synopsis, Country)
VALUES (0058548, 'Santa Claus Conquers the Martians', '2.6', 200000, 'The Martians kidnap Santa Claus because there is nobody on Mars to give their children presents.', 'United States');

INSERT INTO Genre(Genre_MediaID, GenreName)
VALUES(0058548, 'Adventure');

INSERT INTO Genre(Genre_MediaID, GenreName)
VALUES(0058548, 'Comedy');

INSERT INTO Genre(Genre_MediaID, GenreName)
VALUES(0058548, 'Family');

INSERT INTO Genre(Genre_MediaID, GenreName)
VALUES(0058548, 'Fantasy');

INSERT INTO Genre(Genre_MediaID, GenreName)
VALUES(0058548, 'Sci-Fi');

INSERT INTO Languages(Language_MediaID, LanguageName)
VALUES(0058548, 'English');

INSERT INTO Movie(MovieID, Runtime)
VALUES(0058548, 81);

INSERT INTO MEDIA (TitleID, Name, Rating, Budget, Synopsis, Country)
VALUES (0327554, 'Catwoman', '3.4', 100000000, 'A shy woman, endowed with the speed, reflexes, and senses of a cat, walks a thin line between criminal and hero, even as a detective doggedly pursues her, fascinated by both of her personas.', 'United States');

INSERT INTO Genre(Genre_MediaID, GenreName)
VALUES(0327554, 'Action');

INSERT INTO Genre(Genre_MediaID, GenreName)
VALUES(0327554, 'Crime');

INSERT INTO Genre(Genre_MediaID, GenreName)
VALUES(0327554, 'Fantasy');

INSERT INTO Languages(Language_MediaID, LanguageName)
VALUES(0327554, 'English');

INSERT INTO Languages(Language_MediaID, LanguageName)
VALUES(0327554, 'Spanish');

INSERT INTO Movie(MovieID, Runtime)
VALUES(0327554, 104);

INSERT INTO MEDIA (TitleID, Name, Rating, Budget, Synopsis, Country)
VALUES (0116756, 'Kazaam', '3.1', 20000000, 'A troubled kid inadvertently releases a genie, who must grant him any three wishes he requests.', 'United States');

INSERT INTO Genre(Genre_MediaID, GenreName)
VALUES(0116756, 'Comedy');

INSERT INTO Genre(Genre_MediaID, GenreName)
VALUES(0116756, 'Family');

INSERT INTO Genre(Genre_MediaID, GenreName)
VALUES(0116756, 'Fantasy');

INSERT INTO Genre(Genre_MediaID, GenreName)
VALUES(0116756, 'Musical');

INSERT INTO Languages(Language_MediaID, LanguageName)
VALUES(0116756, 'English');

INSERT INTO Movie(MovieID, Runtime)
VALUES(0116756, 93);

INSERT INTO MEDIA (TitleID, Name, Rating, Budget, Synopsis, Country)
VALUES (5690360, 'Slender Man', '3.2', 10000000, 'In a small town in Massachusetts, a group of friends, fascinated by the internet lore of the Slender Man, attempt to prove that he doesn''t actually exist - until one of them mysteriously goes missing.', 'United States');

INSERT INTO Genre(Genre_MediaID, GenreName)
VALUES(5690360, 'Horror');

INSERT INTO Genre(Genre_MediaID, GenreName)
VALUES(5690360, 'Mystery');

INSERT INTO Genre(Genre_MediaID, GenreName)
VALUES(5690360, 'Thriller');

INSERT INTO Languages(Language_MediaID, LanguageName)
VALUES(5690360, 'English');

INSERT INTO Movie(MovieID, Runtime)
VALUES(5690360, 93);

INSERT INTO MEDIA (TitleID, Name, Rating, Budget, Synopsis, Country)
VALUES (7668842, 'Enes Batur', '2.0', NULL, 'Enes Batur has to decide between going to college or being a professional YouTuber.', 'Turkey');

INSERT INTO Genre(Genre_MediaID, GenreName)
VALUES(7668842, 'Comedy');

INSERT INTO Languages(Language_MediaID, LanguageName)
VALUES(7668842, 'Turkish');

INSERT INTO Movie(MovieID, Runtime)
VALUES(7668842, 110);

INSERT INTO MEDIA (TitleID, Name, Rating, Budget, Synopsis, Country)
VALUES (14723224, 'The Cost of Deception', '1.5', NULL, 'When a young, ambitious market researcher finds out her boss is involved in the leaking of a scandalous Prime Minister speech, she decides to investigate the case to gain a position among the big-shots. Based on actual events.', 'Hungary');

INSERT INTO Genre(Genre_MediaID, GenreName)
VALUES(14723224, 'Action');

INSERT INTO Genre(Genre_MediaID, GenreName)
VALUES(14723224, 'Crime');

INSERT INTO Genre(Genre_MediaID, GenreName)
VALUES(14723224, 'Drama');

INSERT INTO Genre(Genre_MediaID, GenreName)
VALUES(14723224, 'History');

INSERT INTO Genre(Genre_MediaID, GenreName)
VALUES(14723224, 'Thriller');

INSERT INTO Languages(Language_MediaID, LanguageName)
VALUES(14723224, 'Hungarian');

INSERT INTO Movie(MovieID, Runtime)
VALUES(14723224, 125);

INSERT INTO MEDIA (TitleID, Name, Rating, Budget, Synopsis, Country)
VALUES (4877122, 'The Emoji Movie', '3.3', 50000000, 'Gene, a multi-expressional emoji, sets out on a journey to become a normal emoji.', 'United States');

INSERT INTO Genre(Genre_MediaID, GenreName)
VALUES(4877122, 'Animation');

INSERT INTO Genre(Genre_MediaID, GenreName)
VALUES(4877122, 'Adventure');

INSERT INTO Genre(Genre_MediaID, GenreName)
VALUES(4877122, 'Comedy');

INSERT INTO Genre(Genre_MediaID, GenreName)
VALUES(4877122, 'Family');

INSERT INTO Genre(Genre_MediaID, GenreName)
VALUES(4877122, 'Fantasy');

INSERT INTO Genre(Genre_MediaID, GenreName)
VALUES(4877122, 'Sci-Fi');

INSERT INTO Languages(Language_MediaID, LanguageName)
VALUES(4877122, 'English');

INSERT INTO Languages(Language_MediaID, LanguageName)
VALUES(4877122, 'Spanish');

INSERT INTO Movie(MovieID, Runtime)
VALUES(4877122, 86);

INSERT INTO MEDIA (TitleID, Name, Rating, Budget, Synopsis, Country)
VALUES (1666186, 'Vampires Suck', '3.4', 20000000, 'A spoof of vampire-themed movies. Teenager Becca finds herself torn between 2 boys. As she and her friends wrestle with a number of different dramas, everything comes to a head at their prom.', 'United States');

INSERT INTO Genre(Genre_MediaID, GenreName)
VALUES(1666186, 'Comedy');

INSERT INTO Genre(Genre_MediaID, GenreName)
VALUES(1666186, 'Horror');

INSERT INTO Languages(Language_MediaID, LanguageName)
VALUES(1666186, 'English');

INSERT INTO Languages(Language_MediaID, LanguageName)
VALUES(1666186, 'German');

INSERT INTO Movie(MovieID, Runtime)
VALUES(1666186, 82);

INSERT INTO MEDIA (TitleID, Name, Rating, Budget, Synopsis, Country)
VALUES (0120207, 'Steel', '2.9', 16000000, 'A scientist for the military turns himself into a cartoon-like superhero when a version of one of his own weapons is being used against enemies.', 'United States');

INSERT INTO Genre(Genre_MediaID, GenreName)
VALUES(0120207, 'Action');

INSERT INTO Genre(Genre_MediaID, GenreName)
VALUES(0120207, 'Adventure');

INSERT INTO Genre(Genre_MediaID, GenreName)
VALUES(0120207, 'Crime');

INSERT INTO Genre(Genre_MediaID, GenreName)
VALUES(0120207, 'Fantasy');

INSERT INTO Genre(Genre_MediaID, GenreName)
VALUES(0120207, 'Sci-Fi');

INSERT INTO Languages(Language_MediaID, LanguageName)
VALUES(0120207, 'English');

INSERT INTO Movie(MovieID, Runtime)
VALUES(0120207, 97);

INSERT INTO MEDIA (TitleID, Name, Rating, Budget, Synopsis, Country)
VALUES (2403029, 'The Starving Games', '3.2', 4999278, 'In this Hunger Games spoof, Kantmiss Evershot must fight for her life in the 75th annual Starving Games, where she could also win an old ham, a coupon for a foot-long sub, and a partially eaten pickle.', 'United States');

INSERT INTO Genre(Genre_MediaID, GenreName)
VALUES(2403029, 'Comedy');

INSERT INTO Genre(Genre_MediaID, GenreName)
VALUES(2403029, 'Sci-Fi');

INSERT INTO Languages(Language_MediaID, LanguageName)
VALUES(2403029, 'English');

INSERT INTO Movie(MovieID, Runtime)
VALUES(2403029, 83);

INSERT INTO MEDIA (TitleID, Name, Rating, Budget, Synopsis, Country)
VALUES (7608028, 'The Open House', '3.3', 100000, 'A teenager and his mother find themselves besieged by threatening forces when they move into a new house.', 'Canada');

INSERT INTO Genre(Genre_MediaID, GenreName)
VALUES(7608028, 'Horror');

INSERT INTO Genre(Genre_MediaID, GenreName)
VALUES(7608028, 'Thriller');

INSERT INTO Languages(Language_MediaID, LanguageName)
VALUES(7608028, 'English');

INSERT INTO Movie(MovieID, Runtime)
VALUES(7608028, 94);

INSERT INTO MEDIA (TitleID, Name, Rating, Budget, Synopsis, Country)
VALUES (0795461, 'Scary Movie V', '3.5', 20000000, 'A couple begin to experience some unusual activity after bringing their lost nieces and nephew home. With the help of home-surveillance cameras, they learn they''re being stalked by a nefarious demon.', 'United States');

INSERT INTO Genre(Genre_MediaID, GenreName)
VALUES(0795461, 'Comedy');

INSERT INTO Genre(Genre_MediaID, GenreName)
VALUES(0795461, 'Horror');

INSERT INTO Languages(Language_MediaID, LanguageName)
VALUES(0795461, 'English');

INSERT INTO Languages(Language_MediaID, LanguageName)
VALUES(0795461, 'Spanish');

INSERT INTO Languages(Language_MediaID, LanguageName)
VALUES(0795461, 'Latin');

INSERT INTO Movie(MovieID, Runtime)
VALUES(0795461, 88);

INSERT INTO MEDIA (TitleID, Name, Rating, Budget, Synopsis, Country)
VALUES (5491994, 'Planet Earth II', '9.5', NULL, 'David Attenborough returns with a new wildlife documentary that shows life in a variety of habitats.', 'United Kingdom');

INSERT INTO Genre(Genre_MediaID, GenreName)
VALUES(5491994, 'Documentary');

INSERT INTO Languages(Language_MediaID, LanguageName)
VALUES(5491994, 'English');

INSERT INTO Languages(Language_MediaID, LanguageName)
VALUES(5491994, 'French');

INSERT INTO TV_Show(TVID, Start_Date, End_Date)
VALUES (5491994, DATE '2016-01-01', DATE '2016-01-01');

INSERT INTO Season(ShowID, Season_No, Name)
VALUES (5491994, 1, 'Season 1');

INSERT INTO Episode(Ep_ShowID, Ep_Season_No, Episode_No, Ep_Rating, Ep_Air_Date, Ep_Length, Ep_Synopsis)
VALUES (5491994, 1, 1, '9.4', DATE '2017-02-18', 51, 'Wildlife documentary series with David Attenborough, beginning with a look at the remote islands which offer sanctuary to some of the planet''s rarest creatures.');

INSERT INTO MEDIA (TitleID, Name, Rating, Budget, Synopsis, Country)
VALUES (0903747, 'Breaking Bad', '9.5', NULL, 'A chemistry teacher diagnosed with inoperable lung cancer turns to manufacturing and selling methamphetamine with a former student in order to secure his family''s future.', 'United States');

INSERT INTO Genre(Genre_MediaID, GenreName)
VALUES(0903747, 'Crime');

INSERT INTO Genre(Genre_MediaID, GenreName)
VALUES(0903747, 'Drama');

INSERT INTO Genre(Genre_MediaID, GenreName)
VALUES(0903747, 'Thriller');

INSERT INTO Languages(Language_MediaID, LanguageName)
VALUES(0903747, 'English');

INSERT INTO Languages(Language_MediaID, LanguageName)
VALUES(0903747, 'Spanish');

INSERT INTO TV_Show(TVID, Start_Date, End_Date)
VALUES (0903747, DATE '2008-01-01', DATE '2013-01-01');

INSERT INTO Season(ShowID, Season_No, Name)
VALUES (0903747, 1, 'Season 1');

INSERT INTO Episode(Ep_ShowID, Ep_Season_No, Episode_No, Ep_Rating, Ep_Air_Date, Ep_Length, Ep_Synopsis)
VALUES (0903747, 1, 1, '9.0', DATE '2008-01-20', 58, 'Diagnosed with terminal lung cancer, chemistry teacher Walter White teams up with former student Jesse Pinkman to cook and sell crystal meth.');

INSERT INTO MEDIA (TitleID, Name, Rating, Budget, Synopsis, Country)
VALUES (0795176, 'Planet Earth', '9.4', NULL, 'Emmy Award-winning, 11 episodes, five years in the making, the most expensive nature documentary series ever commissioned by the BBC, and the first to be filmed in high definition.', 'United Kingdom');

INSERT INTO Genre(Genre_MediaID, GenreName)
VALUES(0795176, 'Documentary');

INSERT INTO Languages(Language_MediaID, LanguageName)
VALUES(0795176, 'English');

INSERT INTO TV_Show(TVID, Start_Date, End_Date)
VALUES (0795176, DATE '2006-01-01', DATE '2006-01-01');

INSERT INTO Season(ShowID, Season_No, Name)
VALUES (0795176, 1, 'Season 1');

INSERT INTO Episode(Ep_ShowID, Ep_Season_No, Episode_No, Ep_Rating, Ep_Air_Date, Ep_Length, Ep_Synopsis)
VALUES (0795176, 1, 1, '9.0', DATE '2007-03-25', 49, '"Planet Earth" travels around the Earth, finding where the sun always shines and where it''s rarely seen. Next, they find where water is abundant and where it''s scarce.');

INSERT INTO MEDIA (TitleID, Name, Rating, Budget, Synopsis, Country)
VALUES (0185906, 'Band of Brothers', '9.4', 125000000, 'The story of Easy Company of the U.S. Army 101st Airborne Division and their mission in World War II Europe, from Operation Overlord to V-J Day.', 'United States');

INSERT INTO Genre(Genre_MediaID, GenreName)
VALUES(0185906, 'Drama');

INSERT INTO Genre(Genre_MediaID, GenreName)
VALUES(0185906, 'History');

INSERT INTO Genre(Genre_MediaID, GenreName)
VALUES(0185906, 'War');

INSERT INTO Languages(Language_MediaID, LanguageName)
VALUES(0185906, 'English');

INSERT INTO Languages(Language_MediaID, LanguageName)
VALUES(0185906, 'Dutch');

INSERT INTO Languages(Language_MediaID, LanguageName)
VALUES(0185906, 'French');

INSERT INTO Languages(Language_MediaID, LanguageName)
VALUES(0185906, 'German');

INSERT INTO Languages(Language_MediaID, LanguageName)
VALUES(0185906, 'Lithuanian');

INSERT INTO TV_Show(TVID, Start_Date, End_Date)
VALUES (0185906, DATE '2001-01-01', DATE '2001-01-01');

INSERT INTO Season(ShowID, Season_No, Name)
VALUES (0185906, 1, 'Season 1');

INSERT INTO Episode(Ep_ShowID, Ep_Season_No, Episode_No, Ep_Rating, Ep_Air_Date, Ep_Length, Ep_Synopsis)
VALUES (0185906, 1, 1, '8.6', DATE '2001-09-09', 70, 'Easy Company goes through training under the leadership of a captain who relentlessly pushes them to their limits but may be limited as a leader in the field.');

INSERT INTO MEDIA (TitleID, Name, Rating, Budget, Synopsis, Country)
VALUES (7366338, 'Chernobyl', '9.4', NULL, 'In April 1986, an explosion at the Chernobyl nuclear power plant in the Union of Soviet Socialist Republics becomes one of the world''s worst man-made catastrophes.', 'United States');

INSERT INTO Genre(Genre_MediaID, GenreName)
VALUES(7366338, 'Drama');

INSERT INTO Genre(Genre_MediaID, GenreName)
VALUES(7366338, 'History');

INSERT INTO Genre(Genre_MediaID, GenreName)
VALUES(7366338, 'Thriller');

INSERT INTO Languages(Language_MediaID, LanguageName)
VALUES(7366338, 'English');

INSERT INTO Languages(Language_MediaID, LanguageName)
VALUES(7366338, 'Russian');

INSERT INTO Languages(Language_MediaID, LanguageName)
VALUES(7366338, 'Ukrainian');

INSERT INTO TV_Show(TVID, Start_Date, End_Date)
VALUES (7366338, DATE '2019-01-01', DATE '2019-01-01');

INSERT INTO Season(ShowID, Season_No, Name)
VALUES (7366338, 1, 'Season 1');

INSERT INTO Episode(Ep_ShowID, Ep_Season_No, Episode_No, Ep_Rating, Ep_Air_Date, Ep_Length, Ep_Synopsis)
VALUES (7366338, 1, 1, '9.4', DATE '2019-05-06', 58, 'Plant workers and firefighters put their lives on the line to control a catastrophic April 1986 explosion at a Soviet nuclear power plant.');

INSERT INTO MEDIA (TitleID, Name, Rating, Budget, Synopsis, Country)
VALUES (0306414, 'The Wire', '9.3', NULL, 'The Baltimore drug scene, as seen through the eyes of drug dealers and law enforcement.', 'United States');

INSERT INTO Genre(Genre_MediaID, GenreName)
VALUES(0306414, 'Crime');

INSERT INTO Genre(Genre_MediaID, GenreName)
VALUES(0306414, 'Drama');

INSERT INTO Genre(Genre_MediaID, GenreName)
VALUES(0306414, 'Thriller');

INSERT INTO Languages(Language_MediaID, LanguageName)
VALUES(0306414, 'English');

INSERT INTO Languages(Language_MediaID, LanguageName)
VALUES(0306414, 'Greek');

INSERT INTO Languages(Language_MediaID, LanguageName)
VALUES(0306414, 'Mandarin');

INSERT INTO Languages(Language_MediaID, LanguageName)
VALUES(0306414, 'Spanish');

INSERT INTO TV_Show(TVID, Start_Date, End_Date)
VALUES (0306414, DATE '2002-01-01', DATE '2008-01-01');

INSERT INTO Season(ShowID, Season_No, Name)
VALUES (0306414, 1, 'Season 1');

INSERT INTO Episode(Ep_ShowID, Ep_Season_No, Episode_No, Ep_Rating, Ep_Air_Date, Ep_Length, Ep_Synopsis)
VALUES (0306414, 1, 1, '7.9', DATE '2002-06-02', 62, 'Baltimore Det. Jimmy McNulty finds himself in hot water with his superior Major William Rawls after a drug dealer, D''Angelo Barksdale who is charged with three murders, is acquitted. McNulty knows the judge in question and although it''s not his case, he''s called into chambers to explain what happened. Obviously key witnesses recanted their police statements on the stand but McNulty doesn''t underplay Barksdale''s role in at least 7 other murders. When the judge''s raises his concerns at the senior ');

INSERT INTO MEDIA (TitleID, Name, Rating, Budget, Synopsis, Country)
VALUES (6769208, 'Blue Planet II', '9.3', NULL, 'David Attenborough returns to the world''s oceans in this sequel to the acclaimed documentary filming rare and unusual creatures of the deep, as well as documenting the problems our oceans face.', 'United Kingdom');

INSERT INTO Genre(Genre_MediaID, GenreName)
VALUES(6769208, 'Documentary');

INSERT INTO Languages(Language_MediaID, LanguageName)
VALUES(6769208, 'English');

INSERT INTO TV_Show(TVID, Start_Date, End_Date)
VALUES (6769208, DATE '2017-01-01', DATE '2022-01-01');

INSERT INTO Season(ShowID, Season_No, Name)
VALUES (6769208, 1, 'Season 1');

INSERT INTO Episode(Ep_ShowID, Ep_Season_No, Episode_No, Ep_Rating, Ep_Air_Date, Ep_Length, Ep_Synopsis)
VALUES (6769208, 1, 1, '9.1', DATE '2018-01-20', 51, 'One Ocean takes us on a journey from the intense heat of the tropics to our planet''s frozen poles to reveal new worlds and extraordinary never-before-seen animal behaviours.');

INSERT INTO MEDIA (TitleID, Name, Rating, Budget, Synopsis, Country)
VALUES (0417299, 'Avatar: The Last Airbender', '9.3', NULL, 'In a war-torn world of elemental magic, a young boy reawakens to undertake a dangerous mystic quest to fulfill his destiny as the Avatar, and bring peace to the world.', 'United States');

INSERT INTO Genre(Genre_MediaID, GenreName)
VALUES(0417299, 'Animation');

INSERT INTO Genre(Genre_MediaID, GenreName)
VALUES(0417299, 'Action');

INSERT INTO Genre(Genre_MediaID, GenreName)
VALUES(0417299, 'Adventure');

INSERT INTO Genre(Genre_MediaID, GenreName)
VALUES(0417299, 'Family');

INSERT INTO Genre(Genre_MediaID, GenreName)
VALUES(0417299, 'Fantasy');

INSERT INTO Genre(Genre_MediaID, GenreName)
VALUES(0417299, 'Mystery');

INSERT INTO Languages(Language_MediaID, LanguageName)
VALUES(0417299, 'English');

INSERT INTO TV_Show(TVID, Start_Date, End_Date)
VALUES (0417299, DATE '2005-01-01', DATE '2008-01-01');

INSERT INTO Season(ShowID, Season_No, Name)
VALUES (0417299, 1, 'Season 1');

INSERT INTO Episode(Ep_ShowID, Ep_Season_No, Episode_No, Ep_Rating, Ep_Air_Date, Ep_Length, Ep_Synopsis)
VALUES (0417299, 1, 1, '7.9', DATE '2005-02-21', 23, 'The legend of the Avatar is told. Katara and Sokka find a strange boy within an iceberg.');

INSERT INTO MEDIA (TitleID, Name, Rating, Budget, Synopsis, Country)
VALUES (2395695, 'Cosmos: A Spacetime Odyssey', '9.3', NULL, 'An exploration of our discovery of the laws of nature and coordinates in space and time.', 'United States');

INSERT INTO Genre(Genre_MediaID, GenreName)
VALUES(2395695, 'Documentary');

INSERT INTO Languages(Language_MediaID, LanguageName)
VALUES(2395695, 'English');

INSERT INTO TV_Show(TVID, Start_Date, End_Date)
VALUES (2395695, DATE '2014-01-01', DATE '2014-01-01');

INSERT INTO Season(ShowID, Season_No, Name)
VALUES (2395695, 1, 'Season 1');

INSERT INTO Episode(Ep_ShowID, Ep_Season_No, Episode_No, Ep_Rating, Ep_Air_Date, Ep_Length, Ep_Synopsis)
VALUES (2395695, 1, 1, '9.1', DATE '2014-03-09', 44, 'A thrilling, new adventure across space and time begins.');

INSERT INTO MEDIA (TitleID, Name, Rating, Budget, Synopsis, Country)
VALUES (0141842, 'The Sopranos', '9.2', NULL, 'New Jersey mob boss Tony Soprano deals with personal and professional issues in his home and business life that affect his mental state, leading him to seek professional psychiatric counseling.', 'United States');

INSERT INTO Genre(Genre_MediaID, GenreName)
VALUES(0141842, 'Crime');

INSERT INTO Genre(Genre_MediaID, GenreName)
VALUES(0141842, 'Drama');

INSERT INTO Languages(Language_MediaID, LanguageName)
VALUES(0141842, 'English');

INSERT INTO Languages(Language_MediaID, LanguageName)
VALUES(0141842, 'Italian');

INSERT INTO Languages(Language_MediaID, LanguageName)
VALUES(0141842, 'Russian');

INSERT INTO TV_Show(TVID, Start_Date, End_Date)
VALUES (0141842, DATE '1999-01-01', DATE '2007-01-01');

INSERT INTO Season(ShowID, Season_No, Name)
VALUES (0141842, 1, 'Season 1');

INSERT INTO Episode(Ep_ShowID, Ep_Season_No, Episode_No, Ep_Rating, Ep_Air_Date, Ep_Length, Ep_Synopsis)
VALUES (0141842, 1, 1, '8.5', DATE '1999-01-10', 59, 'A mobster passes out at a family barbecue and seeks therapy to understand why.');

INSERT INTO Person(PersonName, Contact, DOB, RoleFlags)
VALUES('Stephen King', 'StephenKing@gmail.com', DATE '1947-09-21', 4);

INSERT INTO Person(PersonName, Contact, DOB, RoleFlags)
VALUES('Frank Darabont', 'FrankDarabont@gmail.com', DATE '1959-01-28', 2);

INSERT INTO Person(PersonName, Contact, DOB, RoleFlags)
VALUES('Tim Robbins', 'TimRobbins@gmail.com', DATE '1958-10-16', 1);

INSERT INTO Person(PersonName, Contact, DOB, RoleFlags)
VALUES('Morgan Freeman', 'MorganFreeman@gmail.com', DATE '1937-06-01', 1);

INSERT INTO Person(PersonName, Contact, DOB, RoleFlags)
VALUES('Mario Puzo', 'MarioPuzo@gmail.com', DATE '1920-10-15', 4);

INSERT INTO Person(PersonName, Contact, DOB, RoleFlags)
VALUES('Francis Ford Coppola', 'FrancisFordCoppola@gmail.com', DATE '1939-04-07', 6);

INSERT INTO Person(PersonName, Contact, DOB, RoleFlags)
VALUES('Marlon Brando', 'MarlonBrando@gmail.com', DATE '1924-04-03', 1);

INSERT INTO Person(PersonName, Contact, DOB, RoleFlags)
VALUES('Al Pacino', 'AlPacino@gmail.com', DATE '1940-04-25', 1);

INSERT INTO Person(PersonName, Contact, DOB, RoleFlags)
VALUES('Jonathan Nolan', 'JonathanNolan@gmail.com', DATE '1976-06-06', 4);

INSERT INTO Person(PersonName, Contact, DOB, RoleFlags)
VALUES('Christopher Nolan', 'ChristopherNolan@gmail.com', DATE '1970-07-30', 6);

INSERT INTO Person(PersonName, Contact, DOB, RoleFlags)
VALUES('Christian Bale', 'ChristianBale@gmail.com', DATE '1974-01-30', 1);

INSERT INTO Person(PersonName, Contact, DOB, RoleFlags)
VALUES('Heath Ledger', 'HeathLedger@gmail.com', DATE '1979-04-04', 1);

INSERT INTO Person(PersonName, Contact, DOB, RoleFlags)
VALUES('Robert Duvall', 'RobertDuvall@gmail.com', DATE '1931-01-05', 1);

INSERT INTO Person(PersonName, Contact, DOB, RoleFlags)
VALUES('Reginald Rose', 'ReginaldRose@gmail.com', DATE '1920-12-10', 4);

INSERT INTO Person(PersonName, Contact, DOB, RoleFlags)
VALUES('Sidney Lumet', 'SidneyLumet@gmail.com', DATE '1924-06-25', 2);

INSERT INTO Person(PersonName, Contact, DOB, RoleFlags)
VALUES('Martin Balsam', 'MartinBalsam@gmail.com', DATE '1919-11-04', 1);

INSERT INTO Person(PersonName, Contact, DOB, RoleFlags)
VALUES('John Fiedler', 'JohnFiedler@gmail.com', DATE '1925-02-03', 1);

INSERT INTO Person(PersonName, Contact, DOB, RoleFlags)
VALUES('Thomas Keneally', 'ThomasKeneally@gmail.com', DATE '1935-10-07', 4);

INSERT INTO Person(PersonName, Contact, DOB, RoleFlags)
VALUES('Steven Spielberg', 'StevenSpielberg@gmail.com', DATE '1946-12-18', 2);

INSERT INTO Person(PersonName, Contact, DOB, RoleFlags)
VALUES('Liam Neeson', 'LiamNeeson@gmail.com', DATE '1952-06-07', 1);

INSERT INTO Person(PersonName, Contact, DOB, RoleFlags)
VALUES('Ben Kingsley', 'BenKingsley@gmail.com', DATE '1943-12-31', 1);

INSERT INTO Person(PersonName, Contact, DOB, RoleFlags)
VALUES('J.R.R. Tolkien', 'J.R.R.Tolkien@gmail.com', DATE '1892-01-03', 4);

INSERT INTO Person(PersonName, Contact, DOB, RoleFlags)
VALUES('Peter Jackson', 'PeterJackson@gmail.com', DATE '1961-10-31', 2);

INSERT INTO Person(PersonName, Contact, DOB, RoleFlags)
VALUES('Noel Appleby', 'NoelAppleby@gmail.com', DATE '1933-04-05', 1);

INSERT INTO Person(PersonName, Contact, DOB, RoleFlags)
VALUES('Ali Astin', 'AliAstin@gmail.com', DATE '1996-11-27', 1);

INSERT INTO Person(PersonName, Contact, DOB, RoleFlags)
VALUES('Quentin Tarantino', 'QuentinTarantino@gmail.com', DATE '1963-03-27', 6);

INSERT INTO Person(PersonName, Contact, DOB, RoleFlags)
VALUES('Tim Roth', 'TimRoth@gmail.com', DATE '1961-05-14', 1);

INSERT INTO Person(PersonName, Contact, DOB, RoleFlags)
VALUES('Amanda Plummer', 'AmandaPlummer@gmail.com', DATE '1957-03-23', 1);

INSERT INTO Person(PersonName, Contact, DOB, RoleFlags)
VALUES('Alan Howard', 'AlanHoward@gmail.com', DATE '1937-08-05', 1);

INSERT INTO Person(PersonName, Contact, DOB, RoleFlags)
VALUES('Luciano Vincenzoni', 'LucianoVincenzoni@gmail.com', DATE '1926-03-07', 4);

INSERT INTO Person(PersonName, Contact, DOB, RoleFlags)
VALUES('Sergio Leone', 'SergioLeone@gmail.com', DATE '1929-01-03', 2);

INSERT INTO Person(PersonName, Contact, DOB, RoleFlags)
VALUES('Eli Wallach', 'EliWallach@gmail.com', DATE '1915-12-07', 1);

INSERT INTO Person(PersonName, Contact, DOB, RoleFlags)
VALUES('Clint Eastwood', 'ClintEastwood@gmail.com', DATE '1930-05-31', 1);

INSERT INTO Person(PersonName, Contact, DOB, RoleFlags)
VALUES('Winston Groom', 'WinstonGroom@gmail.com', DATE '1943-03-23', 4);

INSERT INTO Person(PersonName, Contact, DOB, RoleFlags)
VALUES('Robert Zemeckis', 'RobertZemeckis@gmail.com', DATE '1952-05-14', 6);

INSERT INTO Person(PersonName, Contact, DOB, RoleFlags)
VALUES('Tom Hanks', 'TomHanks@gmail.com', DATE '1956-07-09', 1);

INSERT INTO Person(PersonName, Contact, DOB, RoleFlags)
VALUES('Rebecca Williams', 'RebeccaWilliams@gmail.com', DATE '0001-01-01', 1);

INSERT INTO Person(PersonName, Contact, DOB, RoleFlags)
VALUES('Chuck Palahniuk', 'ChuckPalahniuk@gmail.com', DATE '1962-02-21', 4);

INSERT INTO Person(PersonName, Contact, DOB, RoleFlags)
VALUES('David Fincher', 'DavidFincher@gmail.com', DATE '1962-08-28', 2);

INSERT INTO Person(PersonName, Contact, DOB, RoleFlags)
VALUES('Edward Norton', 'EdwardNorton@gmail.com', DATE '1969-08-18', 1);

INSERT INTO Person(PersonName, Contact, DOB, RoleFlags)
VALUES('Brad Pitt', 'BradPitt@gmail.com', DATE '1963-12-18', 1);

INSERT INTO Person(PersonName, Contact, DOB, RoleFlags)
VALUES('Bruce Allpress', 'BruceAllpress@gmail.com', DATE '1930-08-25', 1);

INSERT INTO Person(PersonName, Contact, DOB, RoleFlags)
VALUES('Sean Astin', 'SeanAstin@gmail.com', DATE '1971-02-25', 1);

INSERT INTO Person(PersonName, Contact, DOB, RoleFlags)
VALUES('Leonardo DiCaprio', 'LeonardoDiCaprio@gmail.com', DATE '1974-11-11', 1);

INSERT INTO Person(PersonName, Contact, DOB, RoleFlags)
VALUES('Joseph Gordon-Levitt', 'JosephGordon-Levitt@gmail.com', DATE '1981-02-17', 1);

INSERT INTO Person(PersonName, Contact, DOB, RoleFlags)
VALUES('Leigh Brackett', 'LeighBrackett@gmail.com', DATE '1915-12-07', 4);

INSERT INTO Person(PersonName, Contact, DOB, RoleFlags)
VALUES('Irvin Kershner', 'IrvinKershner@gmail.com', DATE '1923-04-29', 2);

INSERT INTO Person(PersonName, Contact, DOB, RoleFlags)
VALUES('Mark Hamill', 'MarkHamill@gmail.com', DATE '1951-09-25', 1);

INSERT INTO Person(PersonName, Contact, DOB, RoleFlags)
VALUES('Harrison Ford', 'HarrisonFord@gmail.com', DATE '1942-07-13', 1);

INSERT INTO Person(PersonName, Contact, DOB, RoleFlags)
VALUES('Lilly Wachowski', 'LillyWachowski@gmail.com', DATE '1967-12-29', 4);

INSERT INTO Person(PersonName, Contact, DOB, RoleFlags)
VALUES('Lana Wachowski', 'LanaWachowski@gmail.com', DATE '1965-06-21', 2);

INSERT INTO Person(PersonName, Contact, DOB, RoleFlags)
VALUES('Keanu Reeves', 'KeanuReeves@gmail.com', DATE '1964-09-02', 1);

INSERT INTO Person(PersonName, Contact, DOB, RoleFlags)
VALUES('Laurence Fishburne', 'LaurenceFishburne@gmail.com', DATE '1961-07-30', 1);

INSERT INTO Person(PersonName, Contact, DOB, RoleFlags)
VALUES('Nicholas Pileggi', 'NicholasPileggi@gmail.com', DATE '1933-02-22', 4);

INSERT INTO Person(PersonName, Contact, DOB, RoleFlags)
VALUES('Martin Scorsese', 'MartinScorsese@gmail.com', DATE '1942-11-17', 2);

INSERT INTO Person(PersonName, Contact, DOB, RoleFlags)
VALUES('Robert De Niro', 'RobertDeNiro@gmail.com', DATE '1943-08-17', 1);

INSERT INTO Person(PersonName, Contact, DOB, RoleFlags)
VALUES('Ray Liotta', 'RayLiotta@gmail.com', DATE '1954-12-18', 1);

INSERT INTO Person(PersonName, Contact, DOB, RoleFlags)
VALUES('Lawrence Hauben', 'LawrenceHauben@gmail.com', DATE '1931-03-03', 4);

INSERT INTO Person(PersonName, Contact, DOB, RoleFlags)
VALUES('Milos Forman', 'MilosForman@gmail.com', DATE '1932-02-18', 2);

INSERT INTO Person(PersonName, Contact, DOB, RoleFlags)
VALUES('Michael Berryman', 'MichaelBerryman@gmail.com', DATE '1948-09-04', 1);

INSERT INTO Person(PersonName, Contact, DOB, RoleFlags)
VALUES('Peter Brocco', 'PeterBrocco@gmail.com', DATE '1903-01-16', 1);

INSERT INTO Person(PersonName, Contact, DOB, RoleFlags)
VALUES('Andrew Kevin Walker', 'AndrewKevinWalker@gmail.com', DATE '1964-08-14', 5);

INSERT INTO Person(PersonName, Contact, DOB, RoleFlags)
VALUES('Akira Kurosawa', 'AkiraKurosawa@gmail.com', DATE '1910-03-23', 6);

INSERT INTO Person(PersonName, Contact, DOB, RoleFlags)
VALUES('Toshirô Mifune', 'ToshirôMifune@gmail.com', DATE '1920-04-01', 1);

INSERT INTO Person(PersonName, Contact, DOB, RoleFlags)
VALUES('Takashi Shimura', 'TakashiShimura@gmail.com', DATE '1905-03-12', 1);

INSERT INTO Person(PersonName, Contact, DOB, RoleFlags)
VALUES('Frances Goodrich', 'FrancesGoodrich@gmail.com', DATE '1890-12-21', 4);

INSERT INTO Person(PersonName, Contact, DOB, RoleFlags)
VALUES('Frank Capra', 'FrankCapra@gmail.com', DATE '1897-05-18', 2);

INSERT INTO Person(PersonName, Contact, DOB, RoleFlags)
VALUES('James Stewart', 'JamesStewart@gmail.com', DATE '1908-05-20', 1);

INSERT INTO Person(PersonName, Contact, DOB, RoleFlags)
VALUES('Donna Reed', 'DonnaReed@gmail.com', DATE '1921-01-27', 1);

INSERT INTO Person(PersonName, Contact, DOB, RoleFlags)
VALUES('Thomas Harris', 'ThomasHarris@gmail.com', DATE '1940-00-00', 4);

INSERT INTO Person(PersonName, Contact, DOB, RoleFlags)
VALUES('Jonathan Demme', 'JonathanDemme@gmail.com', DATE '1944-02-22', 2);

INSERT INTO Person(PersonName, Contact, DOB, RoleFlags)
VALUES('Jodie Foster', 'JodieFoster@gmail.com', DATE '1962-11-19', 1);

INSERT INTO Person(PersonName, Contact, DOB, RoleFlags)
VALUES('Lawrence A. Bonney', 'LawrenceA.Bonney@gmail.com', DATE '0001-01-01', 1);

INSERT INTO Person(PersonName, Contact, DOB, RoleFlags)
VALUES('Paulo Lins', 'PauloLins@gmail.com', DATE '1958-00-00', 4);

INSERT INTO Person(PersonName, Contact, DOB, RoleFlags)
VALUES('Fernando Meirelles', 'FernandoMeirelles@gmail.com', DATE '1955-11-09', 2);

INSERT INTO Person(PersonName, Contact, DOB, RoleFlags)
VALUES('Alexandre Rodrigues', 'AlexandreRodrigues@gmail.com', DATE '1983-05-21', 1);

INSERT INTO Person(PersonName, Contact, DOB, RoleFlags)
VALUES('Leandro Firmino', 'LeandroFirmino@gmail.com', DATE '1978-06-23', 1);

INSERT INTO Person(PersonName, Contact, DOB, RoleFlags)
VALUES('Robert Rodat', 'RobertRodat@gmail.com', DATE '1953-00-00', 4);

INSERT INTO Person(PersonName, Contact, DOB, RoleFlags)
VALUES('Tom Sizemore', 'TomSizemore@gmail.com', DATE '1961-11-29', 1);

INSERT INTO Person(PersonName, Contact, DOB, RoleFlags)
VALUES('Vincenzo Cerami', 'VincenzoCerami@gmail.com', DATE '1940-11-02', 4);

INSERT INTO Person(PersonName, Contact, DOB, RoleFlags)
VALUES('Roberto Benigni', 'RobertoBenigni@gmail.com', DATE '1952-10-27', 3);

INSERT INTO Person(PersonName, Contact, DOB, RoleFlags)
VALUES('Nicoletta Braschi', 'NicolettaBraschi@gmail.com', DATE '1960-04-19', 1);

INSERT INTO Person(PersonName, Contact, DOB, RoleFlags)
VALUES('Ellen Burstyn', 'EllenBurstyn@gmail.com', DATE '1932-12-07', 1);

INSERT INTO Person(PersonName, Contact, DOB, RoleFlags)
VALUES('Matthew McConaughey', 'MatthewMcConaughey@gmail.com', DATE '1969-11-04', 1);

INSERT INTO Person(PersonName, Contact, DOB, RoleFlags)
VALUES('David Morse', 'DavidMorse@gmail.com', DATE '1953-10-11', 1);

INSERT INTO Person(PersonName, Contact, DOB, RoleFlags)
VALUES('George Lucas', 'GeorgeLucas@gmail.com', DATE '1944-05-14', 6);

INSERT INTO Person(PersonName, Contact, DOB, RoleFlags)
VALUES('James Cameron', 'JamesCameron@gmail.com', DATE '1954-08-16', 6);

INSERT INTO Person(PersonName, Contact, DOB, RoleFlags)
VALUES('Arnold Schwarzenegger', 'ArnoldSchwarzenegger@gmail.com', DATE '1947-07-30', 1);

INSERT INTO Person(PersonName, Contact, DOB, RoleFlags)
VALUES('Linda Hamilton', 'LindaHamilton@gmail.com', DATE '1956-09-26', 1);

INSERT INTO Person(PersonName, Contact, DOB, RoleFlags)
VALUES('Michael J. Fox', 'MichaelJ.Fox@gmail.com', DATE '1961-06-09', 1);

INSERT INTO Person(PersonName, Contact, DOB, RoleFlags)
VALUES('Christopher Lloyd', 'ChristopherLloyd@gmail.com', DATE '1938-10-22', 1);

INSERT INTO Person(PersonName, Contact, DOB, RoleFlags)
VALUES('Hayao Miyazaki', 'HayaoMiyazaki@gmail.com', DATE '1941-01-05', 6);

INSERT INTO Person(PersonName, Contact, DOB, RoleFlags)
VALUES('Rumi Hiiragi', 'RumiHiiragi@gmail.com', DATE '1987-08-01', 1);

INSERT INTO Person(PersonName, Contact, DOB, RoleFlags)
VALUES('Miyu Irino', 'MiyuIrino@gmail.com', DATE '1988-02-19', 1);

INSERT INTO Person(PersonName, Contact, DOB, RoleFlags)
VALUES('Joseph Stefano', 'JosephStefano@gmail.com', DATE '1922-05-05', 4);

INSERT INTO Person(PersonName, Contact, DOB, RoleFlags)
VALUES('Alfred Hitchcock', 'AlfredHitchcock@gmail.com', DATE '1899-08-13', 2);

INSERT INTO Person(PersonName, Contact, DOB, RoleFlags)
VALUES('Anthony Perkins', 'AnthonyPerkins@gmail.com', DATE '1932-04-04', 1);

INSERT INTO Person(PersonName, Contact, DOB, RoleFlags)
VALUES('Vera Miles', 'VeraMiles@gmail.com', DATE '1929-08-23', 1);

INSERT INTO Person(PersonName, Contact, DOB, RoleFlags)
VALUES('Ronald Harwood', 'RonaldHarwood@gmail.com', DATE '1934-11-09', 4);

INSERT INTO Person(PersonName, Contact, DOB, RoleFlags)
VALUES('Roman Polanski', 'RomanPolanski@gmail.com', DATE '1933-08-18', 2);

INSERT INTO Person(PersonName, Contact, DOB, RoleFlags)
VALUES('Adrien Brody', 'AdrienBrody@gmail.com', DATE '1973-04-14', 1);

INSERT INTO Person(PersonName, Contact, DOB, RoleFlags)
VALUES('Emilia Fox', 'EmiliaFox@gmail.com', DATE '1974-07-31', 1);

INSERT INTO Person(PersonName, Contact, DOB, RoleFlags)
VALUES('Bong Joon Ho', 'BongJoonHo@gmail.com', DATE '1969-09-14', 6);

INSERT INTO Person(PersonName, Contact, DOB, RoleFlags)
VALUES('Song Kang-ho', 'SongKang-ho@gmail.com', DATE '1967-01-17', 1);

INSERT INTO Person(PersonName, Contact, DOB, RoleFlags)
VALUES('Lee Sun-kyun', 'LeeSun-kyun@gmail.com', DATE '1975-03-02', 1);

INSERT INTO Person(PersonName, Contact, DOB, RoleFlags)
VALUES('Luc Besson', 'LucBesson@gmail.com', DATE '1959-03-18', 6);

INSERT INTO Person(PersonName, Contact, DOB, RoleFlags)
VALUES('Jean Reno', 'JeanReno@gmail.com', DATE '1948-07-30', 1);

INSERT INTO Person(PersonName, Contact, DOB, RoleFlags)
VALUES('Gary Oldman', 'GaryOldman@gmail.com', DATE '1958-03-21', 1);

INSERT INTO Person(PersonName, Contact, DOB, RoleFlags)
VALUES('Irene Mecchi', 'IreneMecchi@gmail.com', DATE '1949-09-21', 4);

INSERT INTO Person(PersonName, Contact, DOB, RoleFlags)
VALUES('Roger Allers', 'RogerAllers@gmail.com', DATE '1949-06-29', 2);

INSERT INTO Person(PersonName, Contact, DOB, RoleFlags)
VALUES('Rowan Atkinson', 'RowanAtkinson@gmail.com', DATE '1955-01-06', 1);

INSERT INTO Person(PersonName, Contact, DOB, RoleFlags)
VALUES('Matthew Broderick', 'MatthewBroderick@gmail.com', DATE '1962-03-21', 1);

INSERT INTO Person(PersonName, Contact, DOB, RoleFlags)
VALUES('David Franzoni', 'DavidFranzoni@gmail.com', DATE '1947-03-04', 4);

INSERT INTO Person(PersonName, Contact, DOB, RoleFlags)
VALUES('Ridley Scott', 'RidleyScott@gmail.com', DATE '1937-11-30', 2);

INSERT INTO Person(PersonName, Contact, DOB, RoleFlags)
VALUES('Russell Crowe', 'RussellCrowe@gmail.com', DATE '1964-04-07', 1);

INSERT INTO Person(PersonName, Contact, DOB, RoleFlags)
VALUES('Joaquin Phoenix', 'JoaquinPhoenix@gmail.com', DATE '1974-10-28', 1);

INSERT INTO Person(PersonName, Contact, DOB, RoleFlags)
VALUES('David McKenna', 'DavidMcKenna@gmail.com', DATE '1968-08-14', 4);

INSERT INTO Person(PersonName, Contact, DOB, RoleFlags)
VALUES('Tony Kaye', 'TonyKaye@gmail.com', DATE '1952-00-00', 2);

INSERT INTO Person(PersonName, Contact, DOB, RoleFlags)
VALUES('Edward Furlong', 'EdwardFurlong@gmail.com', DATE '1977-08-02', 1);

INSERT INTO Person(PersonName, Contact, DOB, RoleFlags)
VALUES('William Monahan', 'WilliamMonahan@gmail.com', DATE '1960-11-03', 4);

INSERT INTO Person(PersonName, Contact, DOB, RoleFlags)
VALUES('Matt Damon', 'MattDamon@gmail.com', DATE '1970-10-08', 1);

INSERT INTO Person(PersonName, Contact, DOB, RoleFlags)
VALUES('Christopher McQuarrie', 'ChristopherMcQuarrie@gmail.com', DATE '1968-10-25', 4);

INSERT INTO Person(PersonName, Contact, DOB, RoleFlags)
VALUES('Bryan Singer', 'BryanSinger@gmail.com', DATE '1965-09-17', 2);

INSERT INTO Person(PersonName, Contact, DOB, RoleFlags)
VALUES('Stephen Baldwin', 'StephenBaldwin@gmail.com', DATE '1966-05-12', 1);

INSERT INTO Person(PersonName, Contact, DOB, RoleFlags)
VALUES('Gabriel Byrne', 'GabrielByrne@gmail.com', DATE '1950-05-12', 1);

INSERT INTO Person(PersonName, Contact, DOB, RoleFlags)
VALUES('Hugh Jackman', 'HughJackman@gmail.com', DATE '1968-10-12', 1);

INSERT INTO Person(PersonName, Contact, DOB, RoleFlags)
VALUES('Damien Chazelle', 'DamienChazelle@gmail.com', DATE '1985-01-19', 6);

INSERT INTO Person(PersonName, Contact, DOB, RoleFlags)
VALUES('Miles Teller', 'MilesTeller@gmail.com', DATE '1987-02-20', 1);

INSERT INTO Person(PersonName, Contact, DOB, RoleFlags)
VALUES('J.K. Simmons', 'J.K.Simmons@gmail.com', DATE '1955-01-09', 1);

INSERT INTO Person(PersonName, Contact, DOB, RoleFlags)
VALUES('Julius J. Epstein', 'JuliusJ.Epstein@gmail.com', DATE '1909-08-22', 4);

INSERT INTO Person(PersonName, Contact, DOB, RoleFlags)
VALUES('Michael Curtiz', 'MichaelCurtiz@gmail.com', DATE '1886-12-24', 2);

INSERT INTO Person(PersonName, Contact, DOB, RoleFlags)
VALUES('Humphrey Bogart', 'HumphreyBogart@gmail.com', DATE '1899-12-25', 1);

INSERT INTO Person(PersonName, Contact, DOB, RoleFlags)
VALUES('Ingrid Bergman', 'IngridBergman@gmail.com', DATE '1915-08-29', 1);

INSERT INTO Person(PersonName, Contact, DOB, RoleFlags)
VALUES('Yasuhiko Takiguchi', 'YasuhikoTakiguchi@gmail.com', DATE '1924-00-00', 4);

INSERT INTO Person(PersonName, Contact, DOB, RoleFlags)
VALUES('Masaki Kobayashi', 'MasakiKobayashi@gmail.com', DATE '1916-02-14', 2);

INSERT INTO Person(PersonName, Contact, DOB, RoleFlags)
VALUES('Tatsuya Nakadai', 'TatsuyaNakadai@gmail.com', DATE '1932-12-13', 1);

INSERT INTO Person(PersonName, Contact, DOB, RoleFlags)
VALUES('Akira Ishihama', 'AkiraIshihama@gmail.com', DATE '1935-01-29', 1);

INSERT INTO Person(PersonName, Contact, DOB, RoleFlags)
VALUES('Olivier Nakache', 'OlivierNakache@gmail.com', DATE '1973-04-15', 6);

INSERT INTO Person(PersonName, Contact, DOB, RoleFlags)
VALUES('François Cluzet', 'FrançoisCluzet@gmail.com', DATE '1955-09-21', 1);

INSERT INTO Person(PersonName, Contact, DOB, RoleFlags)
VALUES('Omar Sy', 'OmarSy@gmail.com', DATE '1978-01-20', 1);

INSERT INTO Person(PersonName, Contact, DOB, RoleFlags)
VALUES('Akiyuki Nosaka', 'AkiyukiNosaka@gmail.com', DATE '1930-10-10', 4);

INSERT INTO Person(PersonName, Contact, DOB, RoleFlags)
VALUES('Isao Takahata', 'IsaoTakahata@gmail.com', DATE '1935-10-29', 2);

INSERT INTO Person(PersonName, Contact, DOB, RoleFlags)
VALUES('Tsutomu Tatsumi', 'TsutomuTatsumi@gmail.com', DATE '0001-01-01', 1);

INSERT INTO Person(PersonName, Contact, DOB, RoleFlags)
VALUES('Ayano Shiraishi', 'AyanoShiraishi@gmail.com', DATE '0001-01-01', 1);

INSERT INTO Person(PersonName, Contact, DOB, RoleFlags)
VALUES('Charles Chaplin', 'CharlesChaplin@gmail.com', DATE '1889-04-16', 7);

INSERT INTO Person(PersonName, Contact, DOB, RoleFlags)
VALUES('Paulette Goddard', 'PauletteGoddard@gmail.com', DATE '1910-06-03', 1);

INSERT INTO Person(PersonName, Contact, DOB, RoleFlags)
VALUES('Sergio Donati', 'SergioDonati@gmail.com', DATE '1933-04-13', 4);

INSERT INTO Person(PersonName, Contact, DOB, RoleFlags)
VALUES('Claudia Cardinale', 'ClaudiaCardinale@gmail.com', DATE '1938-04-15', 1);

INSERT INTO Person(PersonName, Contact, DOB, RoleFlags)
VALUES('Henry Fonda', 'HenryFonda@gmail.com', DATE '1905-05-16', 1);

INSERT INTO Person(PersonName, Contact, DOB, RoleFlags)
VALUES('John Michael Hayes', 'JohnMichaelHayes@gmail.com', DATE '1919-05-11', 4);

INSERT INTO Person(PersonName, Contact, DOB, RoleFlags)
VALUES('Grace Kelly', 'GraceKelly@gmail.com', DATE '1929-11-12', 1);

INSERT INTO Person(PersonName, Contact, DOB, RoleFlags)
VALUES('Giuseppe Tornatore', 'GiuseppeTornatore@gmail.com', DATE '1956-05-27', 6);

INSERT INTO Person(PersonName, Contact, DOB, RoleFlags)
VALUES('Antonella Attili', 'AntonellaAttili@gmail.com', DATE '1963-04-03', 1);

INSERT INTO Person(PersonName, Contact, DOB, RoleFlags)
VALUES('Enzo Cannavale', 'EnzoCannavale@gmail.com', DATE '1928-04-05', 1);

INSERT INTO Person(PersonName, Contact, DOB, RoleFlags)
VALUES('Jason Friedberg', 'JasonFriedberg@gmail.com', DATE '1970-01-16', 6);

INSERT INTO Person(PersonName, Contact, DOB, RoleFlags)
VALUES('Matt Lanter', 'MattLanter@gmail.com', DATE '1983-04-01', 1);

INSERT INTO Person(PersonName, Contact, DOB, RoleFlags)
VALUES('Vanessa Lachey', 'VanessaLachey@gmail.com', DATE '1980-11-09', 1);

INSERT INTO Person(PersonName, Contact, DOB, RoleFlags)
VALUES('Harold P. Warren', 'HaroldP.Warren@gmail.com', DATE '1923-10-23', 6);

INSERT INTO Person(PersonName, Contact, DOB, RoleFlags)
VALUES('Tom Neyman', 'TomNeyman@gmail.com', DATE '1935-11-23', 1);

INSERT INTO Person(PersonName, Contact, DOB, RoleFlags)
VALUES('John Reynolds', 'JohnReynolds@gmail.com', DATE '1941-09-15', 1);

INSERT INTO Person(PersonName, Contact, DOB, RoleFlags)
VALUES('James Nguyen', 'JamesNguyen@gmail.com', DATE '1966-09-01', 6);

INSERT INTO Person(PersonName, Contact, DOB, RoleFlags)
VALUES('Alan Bagh', 'AlanBagh@gmail.com', DATE '0001-01-01', 1);

INSERT INTO Person(PersonName, Contact, DOB, RoleFlags)
VALUES('Whitney Moore', 'WhitneyMoore@gmail.com', DATE '1989-06-22', 1);

INSERT INTO Person(PersonName, Contact, DOB, RoleFlags)
VALUES('Robert Grasmere', 'RobertGrasmere@gmail.com', DATE '0001-01-01', 4);

INSERT INTO Person(PersonName, Contact, DOB, RoleFlags)
VALUES('Bob Clark', 'BobClark@gmail.com', DATE '1939-08-05', 2);

INSERT INTO Person(PersonName, Contact, DOB, RoleFlags)
VALUES('Jon Voight', 'JonVoight@gmail.com', DATE '1938-12-29', 1);

INSERT INTO Person(PersonName, Contact, DOB, RoleFlags)
VALUES('Scott Baio', 'ScottBaio@gmail.com', DATE '1960-09-22', 1);

INSERT INTO Person(PersonName, Contact, DOB, RoleFlags)
VALUES('Heidi Ferrer', 'HeidiFerrer@gmail.com', DATE '1970-05-28', 4);

INSERT INTO Person(PersonName, Contact, DOB, RoleFlags)
VALUES('Tom Putnam', 'TomPutnam@gmail.com', DATE '1972-03-25', 2);

INSERT INTO Person(PersonName, Contact, DOB, RoleFlags)
VALUES('Paris Hilton', 'ParisHilton@gmail.com', DATE '1981-02-17', 1);

INSERT INTO Person(PersonName, Contact, DOB, RoleFlags)
VALUES('Joel David Moore', 'JoelDavidMoore@gmail.com', DATE '1977-09-25', 1);

INSERT INTO Person(PersonName, Contact, DOB, RoleFlags)
VALUES('Mark A. Altman', 'MarkA.Altman@gmail.com', DATE '1966-10-29', 4);

INSERT INTO Person(PersonName, Contact, DOB, RoleFlags)
VALUES('Uwe Boll', 'UweBoll@gmail.com', DATE '1965-06-22', 2);

INSERT INTO Person(PersonName, Contact, DOB, RoleFlags)
VALUES('Jonathan Cherry', 'JonathanCherry@gmail.com', DATE '1978-12-03', 1);

INSERT INTO Person(PersonName, Contact, DOB, RoleFlags)
VALUES('Tyron Leitso', 'TyronLeitso@gmail.com', DATE '1976-01-07', 1);

INSERT INTO Person(PersonName, Contact, DOB, RoleFlags)
VALUES('Lance Khazei', 'LanceKhazei@gmail.com', DATE '0001-01-01', 4);

INSERT INTO Person(PersonName, Contact, DOB, RoleFlags)
VALUES('Lawrence Guterman', 'LawrenceGuterman@gmail.com', DATE '0001-01-01', 2);

INSERT INTO Person(PersonName, Contact, DOB, RoleFlags)
VALUES('Jamie Kennedy', 'JamieKennedy@gmail.com', DATE '1970-05-25', 1);

INSERT INTO Person(PersonName, Contact, DOB, RoleFlags)
VALUES('Alan Cumming', 'AlanCumming@gmail.com', DATE '1965-01-27', 1);

INSERT INTO Person(PersonName, Contact, DOB, RoleFlags)
VALUES('Darren Doane', 'DarrenDoane@gmail.com', DATE '1972-09-20', 7);

INSERT INTO Person(PersonName, Contact, DOB, RoleFlags)
VALUES('Kirk Cameron', 'KirkCameron@gmail.com', DATE '1970-10-12', 1);

INSERT INTO Person(PersonName, Contact, DOB, RoleFlags)
VALUES('Kal Penn', 'KalPenn@gmail.com', DATE '1977-04-23', 1);

INSERT INTO Person(PersonName, Contact, DOB, RoleFlags)
VALUES('Adam Campbell', 'AdamCampbell@gmail.com', DATE '1980-08-19', 1);

INSERT INTO Person(PersonName, Contact, DOB, RoleFlags)
VALUES('Corey Mandell', 'CoreyMandell@gmail.com', DATE '0001-01-01', 4);

INSERT INTO Person(PersonName, Contact, DOB, RoleFlags)
VALUES('Roger Christian', 'RogerChristian@gmail.com', DATE '1944-02-25', 2);

INSERT INTO Person(PersonName, Contact, DOB, RoleFlags)
VALUES('John Travolta', 'JohnTravolta@gmail.com', DATE '1954-02-18', 1);

INSERT INTO Person(PersonName, Contact, DOB, RoleFlags)
VALUES('Barry Pepper', 'BarryPepper@gmail.com', DATE '1970-04-04', 1);

INSERT INTO Person(PersonName, Contact, DOB, RoleFlags)
VALUES('Cheryl Guerriero', 'CherylGuerriero@gmail.com', DATE '0001-01-01', 4);

INSERT INTO Person(PersonName, Contact, DOB, RoleFlags)
VALUES('William Heins', 'WilliamHeins@gmail.com', DATE '0001-01-01', 2);

INSERT INTO Person(PersonName, Contact, DOB, RoleFlags)
VALUES('Paula Garcés', 'PaulaGarcés@gmail.com', DATE '1974-03-20', 1);

INSERT INTO Person(PersonName, Contact, DOB, RoleFlags)
VALUES('Vijay Maurya', 'VijayMaurya@gmail.com', DATE '1972-09-01', 4);

INSERT INTO Person(PersonName, Contact, DOB, RoleFlags)
VALUES('Prabhu Deva', 'PrabhuDeva@gmail.com', DATE '1973-04-03', 2);

INSERT INTO Person(PersonName, Contact, DOB, RoleFlags)
VALUES('Salman Khan', 'SalmanKhan@gmail.com', DATE '1965-12-27', 1);

INSERT INTO Person(PersonName, Contact, DOB, RoleFlags)
VALUES('Disha Patani', 'DishaPatani@gmail.com', DATE '1992-06-13', 1);

INSERT INTO Person(PersonName, Contact, DOB, RoleFlags)
VALUES('Elan Mastai', 'ElanMastai@gmail.com', DATE '0001-01-01', 4);

INSERT INTO Person(PersonName, Contact, DOB, RoleFlags)
VALUES('Christian Slater', 'ChristianSlater@gmail.com', DATE '1969-08-18', 1);

INSERT INTO Person(PersonName, Contact, DOB, RoleFlags)
VALUES('Tara Reid', 'TaraReid@gmail.com', DATE '1975-11-08', 1);

INSERT INTO Person(PersonName, Contact, DOB, RoleFlags)
VALUES('Ben Ramsey', 'BenRamsey@gmail.com', DATE '0001-01-01', 4);

INSERT INTO Person(PersonName, Contact, DOB, RoleFlags)
VALUES('James Wong', 'JamesWong@gmail.com', DATE '0001-01-01', 2);

INSERT INTO Person(PersonName, Contact, DOB, RoleFlags)
VALUES('Justin Chatwin', 'JustinChatwin@gmail.com', DATE '1982-10-31', 1);

INSERT INTO Person(PersonName, Contact, DOB, RoleFlags)
VALUES('Chow Yun-Fat', 'ChowYun-Fat@gmail.com', DATE '1955-05-18', 1);

INSERT INTO Person(PersonName, Contact, DOB, RoleFlags)
VALUES('Kim Fuller', 'KimFuller@gmail.com', DATE '0001-01-01', 4);

INSERT INTO Person(PersonName, Contact, DOB, RoleFlags)
VALUES('Robert Iscove', 'RobertIscove@gmail.com', DATE '1947-07-04', 2);

INSERT INTO Person(PersonName, Contact, DOB, RoleFlags)
VALUES('Kelly Clarkson', 'KellyClarkson@gmail.com', DATE '1982-04-24', 1);

INSERT INTO Person(PersonName, Contact, DOB, RoleFlags)
VALUES('Justin Guarini', 'JustinGuarini@gmail.com', DATE '1978-10-28', 1);

INSERT INTO Person(PersonName, Contact, DOB, RoleFlags)
VALUES('Shiraz Ahmed', 'ShirazAhmed@gmail.com', DATE '0001-01-01', 4);

INSERT INTO Person(PersonName, Contact, DOB, RoleFlags)
VALUES('Remo D''Souza', 'RemoD''Souza@gmail.com', DATE '0001-01-01', 2);

INSERT INTO Person(PersonName, Contact, DOB, RoleFlags)
VALUES('Anil Kapoor', 'AnilKapoor@gmail.com', DATE '1956-12-24', 1);

INSERT INTO Person(PersonName, Contact, DOB, RoleFlags)
VALUES('Valerie Breiman', 'ValerieBreiman@gmail.com', DATE '0001-01-01', 6);

INSERT INTO Person(PersonName, Contact, DOB, RoleFlags)
VALUES('Burt Young', 'BurtYoung@gmail.com', DATE '1940-04-30', 1);

INSERT INTO Person(PersonName, Contact, DOB, RoleFlags)
VALUES('Adam Sandler', 'AdamSandler@gmail.com', DATE '1966-09-09', 1);

INSERT INTO Person(PersonName, Contact, DOB, RoleFlags)
VALUES('Sean Maguire', 'SeanMaguire@gmail.com', DATE '1976-04-18', 1);

INSERT INTO Person(PersonName, Contact, DOB, RoleFlags)
VALUES('Carmen Electra', 'CarmenElectra@gmail.com', DATE '1972-04-20', 1);

INSERT INTO Person(PersonName, Contact, DOB, RoleFlags)
VALUES('Murat Boyacioglu', 'MuratBoyacioglu@gmail.com', DATE '0001-01-01', 4);

INSERT INTO Person(PersonName, Contact, DOB, RoleFlags)
VALUES('Kartal Tibet', 'KartalTibet@gmail.com', DATE '1939-03-27', 2);

INSERT INTO Person(PersonName, Contact, DOB, RoleFlags)
VALUES('Cüneyt Arkin', 'CüneytArkin@gmail.com', DATE '1937-09-08', 1);

INSERT INTO Person(PersonName, Contact, DOB, RoleFlags)
VALUES('Miraç Bayramoglu', 'MiraçBayramoglu@gmail.com', DATE '0001-01-01', 1);

INSERT INTO Person(PersonName, Contact, DOB, RoleFlags)
VALUES('Martin Brest', 'MartinBrest@gmail.com', DATE '1951-08-08', 6);

INSERT INTO Person(PersonName, Contact, DOB, RoleFlags)
VALUES('Ben Affleck', 'BenAffleck@gmail.com', DATE '1972-08-15', 1);

INSERT INTO Person(PersonName, Contact, DOB, RoleFlags)
VALUES('Terry Camilleri', 'TerryCamilleri@gmail.com', DATE '1949-11-07', 1);

INSERT INTO Person(PersonName, Contact, DOB, RoleFlags)
VALUES('Lawrence Kasanoff', 'LawrenceKasanoff@gmail.com', DATE '1959-06-01', 6);

INSERT INTO Person(PersonName, Contact, DOB, RoleFlags)
VALUES('Charlie Sheen', 'CharlieSheen@gmail.com', DATE '1965-09-03', 1);

INSERT INTO Person(PersonName, Contact, DOB, RoleFlags)
VALUES('Hilary Duff', 'HilaryDuff@gmail.com', DATE '1987-09-28', 1);

INSERT INTO Person(PersonName, Contact, DOB, RoleFlags)
VALUES('Aaron Seltzer', 'AaronSeltzer@gmail.com', DATE '1974-01-12', 2);

INSERT INTO Person(PersonName, Contact, DOB, RoleFlags)
VALUES('Alyson Hannigan', 'AlysonHannigan@gmail.com', DATE '1974-03-24', 1);

INSERT INTO Person(PersonName, Contact, DOB, RoleFlags)
VALUES('Lee Hall', 'LeeHall@gmail.com', DATE '1966-09-20', 4);

INSERT INTO Person(PersonName, Contact, DOB, RoleFlags)
VALUES('Tom Hooper', 'TomHooper@gmail.com', DATE '1972-10-05', 2);

INSERT INTO Person(PersonName, Contact, DOB, RoleFlags)
VALUES('Robbie Fairchild', 'RobbieFairchild@gmail.com', DATE '1988-06-09', 1);

INSERT INTO Person(PersonName, Contact, DOB, RoleFlags)
VALUES('Mette Narrative', 'MetteNarrative@gmail.com', DATE '1991-05-31', 1);

INSERT INTO Person(PersonName, Contact, DOB, RoleFlags)
VALUES('Steven Paul', 'StevenPaul@gmail.com', DATE '1959-05-16', 4);

INSERT INTO Person(PersonName, Contact, DOB, RoleFlags)
VALUES('Kathleen Turner', 'KathleenTurner@gmail.com', DATE '1954-06-19', 1);

INSERT INTO Person(PersonName, Contact, DOB, RoleFlags)
VALUES('Ulli Lommel', 'UlliLommel@gmail.com', DATE '1944-12-21', 7);

INSERT INTO Person(PersonName, Contact, DOB, RoleFlags)
VALUES('Daniel Küblböck', 'DanielKüblböck@gmail.com', DATE '1985-08-27', 1);

INSERT INTO Person(PersonName, Contact, DOB, RoleFlags)
VALUES('Cheryl L. West', 'CherylL.West@gmail.com', DATE '0001-01-01', 4);

INSERT INTO Person(PersonName, Contact, DOB, RoleFlags)
VALUES('Vondie Curtis-Hall', 'VondieCurtis-Hall@gmail.com', DATE '1950-09-30', 2);

INSERT INTO Person(PersonName, Contact, DOB, RoleFlags)
VALUES('Mariah Carey', 'MariahCarey@gmail.com', DATE '1969-03-27', 1);

INSERT INTO Person(PersonName, Contact, DOB, RoleFlags)
VALUES('Max Beesley', 'MaxBeesley@gmail.com', DATE '1971-04-16', 1);

INSERT INTO Person(PersonName, Contact, DOB, RoleFlags)
VALUES('Peter Benchley', 'PeterBenchley@gmail.com', DATE '1940-05-08', 4);

INSERT INTO Person(PersonName, Contact, DOB, RoleFlags)
VALUES('Joseph Sargent', 'JosephSargent@gmail.com', DATE '1925-07-22', 2);

INSERT INTO Person(PersonName, Contact, DOB, RoleFlags)
VALUES('Lorraine Gary', 'LorraineGary@gmail.com', DATE '1937-08-16', 1);

INSERT INTO Person(PersonName, Contact, DOB, RoleFlags)
VALUES('Lance Guest', 'LanceGuest@gmail.com', DATE '1960-07-21', 1);

INSERT INTO Person(PersonName, Contact, DOB, RoleFlags)
VALUES('Rossella Drudi', 'RossellaDrudi@gmail.com', DATE '0001-01-01', 4);

INSERT INTO Person(PersonName, Contact, DOB, RoleFlags)
VALUES('Claudio Fragasso', 'ClaudioFragasso@gmail.com', DATE '1951-10-02', 2);

INSERT INTO Person(PersonName, Contact, DOB, RoleFlags)
VALUES('Michael Paul Stephenson', 'MichaelPaulStephenson@gmail.com', DATE '1978-02-28', 1);

INSERT INTO Person(PersonName, Contact, DOB, RoleFlags)
VALUES('George Hardy', 'GeorgeHardy@gmail.com', DATE '1954-10-15', 1);

INSERT INTO Person(PersonName, Contact, DOB, RoleFlags)
VALUES('Tom Six', 'TomSix@gmail.com', DATE '1973-08-29', 6);

INSERT INTO Person(PersonName, Contact, DOB, RoleFlags)
VALUES('Dieter Laser', 'DieterLaser@gmail.com', DATE '1942-02-17', 1);

INSERT INTO Person(PersonName, Contact, DOB, RoleFlags)
VALUES('Laurence R. Harvey', 'LaurenceR.Harvey@gmail.com', DATE '1970-07-17', 1);

INSERT INTO Person(PersonName, Contact, DOB, RoleFlags)
VALUES('Guinevere Turner', 'GuinevereTurner@gmail.com', DATE '1968-05-23', 4);

INSERT INTO Person(PersonName, Contact, DOB, RoleFlags)
VALUES('Kristanna Loken', 'KristannaLoken@gmail.com', DATE '1979-10-08', 1);

INSERT INTO Person(PersonName, Contact, DOB, RoleFlags)
VALUES('Michael Madsen', 'MichaelMadsen@gmail.com', DATE '1957-09-25', 1);

INSERT INTO Person(PersonName, Contact, DOB, RoleFlags)
VALUES('Rick Sloane', 'RickSloane@gmail.com', DATE '1961-08-22', 6);

INSERT INTO Person(PersonName, Contact, DOB, RoleFlags)
VALUES('Tom Bartlett', 'TomBartlett@gmail.com', DATE '0001-01-01', 1);

INSERT INTO Person(PersonName, Contact, DOB, RoleFlags)
VALUES('Paige Sullivan', 'PaigeSullivan@gmail.com', DATE '0001-01-01', 1);

INSERT INTO Person(PersonName, Contact, DOB, RoleFlags)
VALUES('Edward Drake', 'EdwardDrake@gmail.com', DATE '0001-01-01', 6);

INSERT INTO Person(PersonName, Contact, DOB, RoleFlags)
VALUES('Frank Grillo', 'FrankGrillo@gmail.com', DATE '1965-06-08', 1);

INSERT INTO Person(PersonName, Contact, DOB, RoleFlags)
VALUES('Bruce Willis', 'BruceWillis@gmail.com', DATE '1955-03-19', 1);

INSERT INTO Person(PersonName, Contact, DOB, RoleFlags)
VALUES('Paul Lalonde', 'PaulLalonde@gmail.com', DATE '0001-01-01', 4);

INSERT INTO Person(PersonName, Contact, DOB, RoleFlags)
VALUES('Vic Armstrong', 'VicArmstrong@gmail.com', DATE '1946-10-05', 2);

INSERT INTO Person(PersonName, Contact, DOB, RoleFlags)
VALUES('Nicolas Cage', 'NicolasCage@gmail.com', DATE '1964-01-07', 1);

INSERT INTO Person(PersonName, Contact, DOB, RoleFlags)
VALUES('Chad Michael Murray', 'ChadMichaelMurray@gmail.com', DATE '1981-08-24', 1);

INSERT INTO Person(PersonName, Contact, DOB, RoleFlags)
VALUES('Mojca Tirs', 'MojcaTirs@gmail.com', DATE '0001-01-01', 4);

INSERT INTO Person(PersonName, Contact, DOB, RoleFlags)
VALUES('Barbara Bialowas', 'BarbaraBialowas@gmail.com', DATE '1978-08-20', 2);

INSERT INTO Person(PersonName, Contact, DOB, RoleFlags)
VALUES('Anna-Maria Sieklucka', 'Anna-MariaSieklucka@gmail.com', DATE '0001-01-01', 1);

INSERT INTO Person(PersonName, Contact, DOB, RoleFlags)
VALUES('Michele Morrone', 'MicheleMorrone@gmail.com', DATE '1990-10-03', 1);

INSERT INTO Person(PersonName, Contact, DOB, RoleFlags)
VALUES('Tomasz Klimala', 'TomaszKlimala@gmail.com', DATE '0001-01-01', 4);

INSERT INTO Person(PersonName, Contact, DOB, RoleFlags)
VALUES('Don Michael Paul', 'DonMichaelPaul@gmail.com', DATE '1963-04-17', 6);

INSERT INTO Person(PersonName, Contact, DOB, RoleFlags)
VALUES('Mick Partridge', 'MickPartridge@gmail.com', DATE '1986-08-31', 1);

INSERT INTO Person(PersonName, Contact, DOB, RoleFlags)
VALUES('Big Boi', 'BigBoi@gmail.com', DATE '1975-02-01', 1);

INSERT INTO Person(PersonName, Contact, DOB, RoleFlags)
VALUES('Ben Zook', 'BenZook@gmail.com', DATE '1964-02-05', 4);

INSERT INTO Person(PersonName, Contact, DOB, RoleFlags)
VALUES('Dennis Dugan', 'DennisDugan@gmail.com', DATE '1946-09-05', 2);

INSERT INTO Person(PersonName, Contact, DOB, RoleFlags)
VALUES('William Harrison', 'WilliamHarrison@gmail.com', DATE '1933-10-29', 4);

INSERT INTO Person(PersonName, Contact, DOB, RoleFlags)
VALUES('John McTiernan', 'JohnMcTiernan@gmail.com', DATE '1951-01-08', 2);

INSERT INTO Person(PersonName, Contact, DOB, RoleFlags)
VALUES('Chris Klein', 'ChrisKlein@gmail.com', DATE '1979-03-14', 1);

INSERT INTO Person(PersonName, Contact, DOB, RoleFlags)
VALUES('Glenville Mareth', 'GlenvilleMareth@gmail.com', DATE '0001-01-01', 4);

INSERT INTO Person(PersonName, Contact, DOB, RoleFlags)
VALUES('Nicholas Webster', 'NicholasWebster@gmail.com', DATE '1912-07-24', 2);

INSERT INTO Person(PersonName, Contact, DOB, RoleFlags)
VALUES('John Call', 'JohnCall@gmail.com', DATE '1908-11-03', 1);

INSERT INTO Person(PersonName, Contact, DOB, RoleFlags)
VALUES('Leonard Hicks', 'LeonardHicks@gmail.com', DATE '1918-02-24', 1);

INSERT INTO Person(PersonName, Contact, DOB, RoleFlags)
VALUES('Bob Kane', 'BobKane@gmail.com', DATE '1915-10-24', 4);

INSERT INTO Person(PersonName, Contact, DOB, RoleFlags)
VALUES('Pitof', 'Pitof@gmail.com', DATE '1957-07-04', 2);

INSERT INTO Person(PersonName, Contact, DOB, RoleFlags)
VALUES('Halle Berry', 'HalleBerry@gmail.com', DATE '1966-08-14', 1);

INSERT INTO Person(PersonName, Contact, DOB, RoleFlags)
VALUES('Benjamin Bratt', 'BenjaminBratt@gmail.com', DATE '1963-12-16', 1);

INSERT INTO Person(PersonName, Contact, DOB, RoleFlags)
VALUES('Paul Michael Glaser', 'PaulMichaelGlaser@gmail.com', DATE '1943-03-25', 6);

INSERT INTO Person(PersonName, Contact, DOB, RoleFlags)
VALUES('Shaquille O''Neal', 'ShaquilleO''Neal@gmail.com', DATE '1972-03-06', 1);

INSERT INTO Person(PersonName, Contact, DOB, RoleFlags)
VALUES('Francis Capra', 'FrancisCapra@gmail.com', DATE '1983-04-27', 1);

INSERT INTO Person(PersonName, Contact, DOB, RoleFlags)
VALUES('David Birke', 'DavidBirke@gmail.com', DATE '0001-01-01', 4);

INSERT INTO Person(PersonName, Contact, DOB, RoleFlags)
VALUES('Sylvain White', 'SylvainWhite@gmail.com', DATE '0001-01-01', 2);

INSERT INTO Person(PersonName, Contact, DOB, RoleFlags)
VALUES('Joey King', 'JoeyKing@gmail.com', DATE '1999-07-30', 1);

INSERT INTO Person(PersonName, Contact, DOB, RoleFlags)
VALUES('Julia Goldani Telles', 'JuliaGoldaniTelles@gmail.com', DATE '1995-03-18', 1);

INSERT INTO Person(PersonName, Contact, DOB, RoleFlags)
VALUES('Enes Batur', 'EnesBatur@gmail.com', DATE '1998-04-09', 5);

INSERT INTO Person(PersonName, Contact, DOB, RoleFlags)
VALUES('Kamil Cetin', 'KamilCetin@gmail.com', DATE '1972-03-19', 2);

INSERT INTO Person(PersonName, Contact, DOB, RoleFlags)
VALUES('Bilal Hanci', 'BilalHanci@gmail.com', DATE '1989-09-08', 1);

INSERT INTO Person(PersonName, Contact, DOB, RoleFlags)
VALUES('Balázs Bendi', 'BalázsBendi@gmail.com', DATE '0001-01-01', 4);

INSERT INTO Person(PersonName, Contact, DOB, RoleFlags)
VALUES('Keith English', 'KeithEnglish@gmail.com', DATE '0001-01-01', 2);

INSERT INTO Person(PersonName, Contact, DOB, RoleFlags)
VALUES('Vivianne Bánovits', 'VivianneBánovits@gmail.com', DATE '1990-08-29', 1);

INSERT INTO Person(PersonName, Contact, DOB, RoleFlags)
VALUES('András Mózes', 'AndrásMózes@gmail.com', DATE '1990-06-04', 1);

INSERT INTO Person(PersonName, Contact, DOB, RoleFlags)
VALUES('Tony Leondis', 'TonyLeondis@gmail.com', DATE '1967-03-24', 6);

INSERT INTO Person(PersonName, Contact, DOB, RoleFlags)
VALUES('T.J. Miller', 'T.J.Miller@gmail.com', DATE '1981-06-04', 1);

INSERT INTO Person(PersonName, Contact, DOB, RoleFlags)
VALUES('James Corden', 'JamesCorden@gmail.com', DATE '1978-08-22', 1);

INSERT INTO Person(PersonName, Contact, DOB, RoleFlags)
VALUES('Jenn Proske', 'JennProske@gmail.com', DATE '1987-08-08', 1);

INSERT INTO Person(PersonName, Contact, DOB, RoleFlags)
VALUES('Louise Simonson', 'LouiseSimonson@gmail.com', DATE '1946-09-26', 4);

INSERT INTO Person(PersonName, Contact, DOB, RoleFlags)
VALUES('Kenneth Johnson', 'KennethJohnson@gmail.com', DATE '1942-10-26', 2);

INSERT INTO Person(PersonName, Contact, DOB, RoleFlags)
VALUES('Annabeth Gish', 'AnnabethGish@gmail.com', DATE '1971-03-13', 1);

INSERT INTO Person(PersonName, Contact, DOB, RoleFlags)
VALUES('Maiara Walsh', 'MaiaraWalsh@gmail.com', DATE '1988-02-18', 1);

INSERT INTO Person(PersonName, Contact, DOB, RoleFlags)
VALUES('Cody Christian', 'CodyChristian@gmail.com', DATE '1995-04-15', 1);

INSERT INTO Person(PersonName, Contact, DOB, RoleFlags)
VALUES('Matt Angel', 'MattAngel@gmail.com', DATE '1990-10-23', 6);

INSERT INTO Person(PersonName, Contact, DOB, RoleFlags)
VALUES('Dylan Minnette', 'DylanMinnette@gmail.com', DATE '1996-12-29', 1);

INSERT INTO Person(PersonName, Contact, DOB, RoleFlags)
VALUES('Piercey Dalton', 'PierceyDalton@gmail.com', DATE '0001-01-01', 1);

INSERT INTO Person(PersonName, Contact, DOB, RoleFlags)
VALUES('David Zucker', 'DavidZucker@gmail.com', DATE '1947-10-16', 4);

INSERT INTO Person(PersonName, Contact, DOB, RoleFlags)
VALUES('Malcolm D. Lee', 'MalcolmD.Lee@gmail.com', DATE '1970-01-11', 2);

INSERT INTO Person(PersonName, Contact, DOB, RoleFlags)
VALUES('Ashley Tisdale', 'AshleyTisdale@gmail.com', DATE '1985-07-02', 1);

INSERT INTO Person(PersonName, Contact, DOB, RoleFlags)
VALUES('Simon Rex', 'SimonRex@gmail.com', DATE '1974-07-20', 1);

INSERT INTO Person(PersonName, Contact, DOB, RoleFlags)
VALUES('Elizabeth White', 'ElizabethWhite@gmail.com', DATE '0001-01-01', 4);

INSERT INTO Person(PersonName, Contact, DOB, RoleFlags)
VALUES('David Attenborough', 'DavidAttenborough@gmail.com', DATE '1926-05-08', 5);

INSERT INTO Person(PersonName, Contact, DOB, RoleFlags)
VALUES('Chadden Hunter', 'ChaddenHunter@gmail.com', DATE '0001-01-01', 1);

INSERT INTO Person(PersonName, Contact, DOB, RoleFlags)
VALUES('Vince Gilligan', 'VinceGilligan@gmail.com', DATE '1967-02-10', 4);

INSERT INTO Person(PersonName, Contact, DOB, RoleFlags)
VALUES('Bryan Cranston', 'BryanCranston@gmail.com', DATE '1956-03-07', 1);

INSERT INTO Person(PersonName, Contact, DOB, RoleFlags)
VALUES('Anna Gunn', 'AnnaGunn@gmail.com', DATE '1968-08-11', 1);

INSERT INTO Person(PersonName, Contact, DOB, RoleFlags)
VALUES('Sigourney Weaver', 'SigourneyWeaver@gmail.com', DATE '1949-10-08', 1);

INSERT INTO Person(PersonName, Contact, DOB, RoleFlags)
VALUES('Stephen Ambrose', 'StephenAmbrose@gmail.com', DATE '1936-01-10', 4);

INSERT INTO Person(PersonName, Contact, DOB, RoleFlags)
VALUES('Scott Grimes', 'ScottGrimes@gmail.com', DATE '1971-07-09', 1);

INSERT INTO Person(PersonName, Contact, DOB, RoleFlags)
VALUES('Damian Lewis', 'DamianLewis@gmail.com', DATE '1971-02-11', 1);

INSERT INTO Person(PersonName, Contact, DOB, RoleFlags)
VALUES('Craig Mazin', 'CraigMazin@gmail.com', DATE '1971-04-08', 4);

INSERT INTO Person(PersonName, Contact, DOB, RoleFlags)
VALUES('Jessie Buckley', 'JessieBuckley@gmail.com', DATE '1989-12-28', 1);

INSERT INTO Person(PersonName, Contact, DOB, RoleFlags)
VALUES('Jared Harris', 'JaredHarris@gmail.com', DATE '1961-08-24', 1);

INSERT INTO Person(PersonName, Contact, DOB, RoleFlags)
VALUES('David Simon', 'DavidSimon@gmail.com', DATE '1960-05-13', 4);

INSERT INTO Person(PersonName, Contact, DOB, RoleFlags)
VALUES('Dominic West', 'DominicWest@gmail.com', DATE '1969-10-15', 1);

INSERT INTO Person(PersonName, Contact, DOB, RoleFlags)
VALUES('John Doman', 'JohnDoman@gmail.com', DATE '1945-01-09', 1);

INSERT INTO Person(PersonName, Contact, DOB, RoleFlags)
VALUES('Peter Drost', 'PeterDrost@gmail.com', DATE '0001-01-01', 1);

INSERT INTO Person(PersonName, Contact, DOB, RoleFlags)
VALUES('Michael Dante DiMartino', 'MichaelDanteDiMartino@gmail.com', DATE '1974-07-18', 4);

INSERT INTO Person(PersonName, Contact, DOB, RoleFlags)
VALUES('Dee Bradley Baker', 'DeeBradleyBaker@gmail.com', DATE '1962-08-31', 1);

INSERT INTO Person(PersonName, Contact, DOB, RoleFlags)
VALUES('Zach Tyler Eisen', 'ZachTylerEisen@gmail.com', DATE '1993-09-23', 1);

INSERT INTO Person(PersonName, Contact, DOB, RoleFlags)
VALUES('Ann Druyan', 'AnnDruyan@gmail.com', DATE '1949-06-13', 4);

INSERT INTO Person(PersonName, Contact, DOB, RoleFlags)
VALUES('Neil deGrasse Tyson', 'NeildeGrasseTyson@gmail.com', DATE '1958-10-05', 1);

INSERT INTO Person(PersonName, Contact, DOB, RoleFlags)
VALUES('Christopher Emerson', 'ChristopherEmerson@gmail.com', DATE '1981-10-10', 1);

INSERT INTO Person(PersonName, Contact, DOB, RoleFlags)
VALUES('David Chase', 'DavidChase@gmail.com', DATE '1945-08-22', 4);

INSERT INTO Person(PersonName, Contact, DOB, RoleFlags)
VALUES('James Gandolfini', 'JamesGandolfini@gmail.com', DATE '1961-09-18', 1);

INSERT INTO Person(PersonName, Contact, DOB, RoleFlags)
VALUES('Edie Falco', 'EdieFalco@gmail.com', DATE '1963-07-05', 1);

INSERT INTO Wrote(Writer_Name, Wrote_MediaID)
VALUES('Stephen King', 0111161);

INSERT INTO Directed(Director_Name, Directed_MediaID)
VALUES('Frank Darabont', 0111161);

INSERT INTO Acted(Actor_Name, Acted_MediaID)
VALUES('Tim Robbins', 0111161);

INSERT INTO Acted(Actor_Name, Acted_MediaID)
VALUES('Morgan Freeman', 0111161);

INSERT INTO Wrote(Writer_Name, Wrote_MediaID)
VALUES('Mario Puzo', 0068646);

INSERT INTO Directed(Director_Name, Directed_MediaID)
VALUES('Francis Ford Coppola', 0068646);

INSERT INTO Acted(Actor_Name, Acted_MediaID)
VALUES('Marlon Brando', 0068646);

INSERT INTO Acted(Actor_Name, Acted_MediaID)
VALUES('Al Pacino', 0068646);

INSERT INTO Wrote(Writer_Name, Wrote_MediaID)
VALUES('Jonathan Nolan', 0468569);

INSERT INTO Directed(Director_Name, Directed_MediaID)
VALUES('Christopher Nolan', 0468569);

INSERT INTO Acted(Actor_Name, Acted_MediaID)
VALUES('Christian Bale', 0468569);

INSERT INTO Acted(Actor_Name, Acted_MediaID)
VALUES('Heath Ledger', 0468569);

INSERT INTO Wrote(Writer_Name, Wrote_MediaID)
VALUES('Francis Ford Coppola', 0071562);

INSERT INTO Directed(Director_Name, Directed_MediaID)
VALUES('Francis Ford Coppola', 0071562);

INSERT INTO Acted(Actor_Name, Acted_MediaID)
VALUES('Al Pacino', 0071562);

INSERT INTO Acted(Actor_Name, Acted_MediaID)
VALUES('Robert Duvall', 0071562);

INSERT INTO Wrote(Writer_Name, Wrote_MediaID)
VALUES('Reginald Rose', 0050083);

INSERT INTO Directed(Director_Name, Directed_MediaID)
VALUES('Sidney Lumet', 0050083);

INSERT INTO Acted(Actor_Name, Acted_MediaID)
VALUES('Martin Balsam', 0050083);

INSERT INTO Acted(Actor_Name, Acted_MediaID)
VALUES('John Fiedler', 0050083);

INSERT INTO Wrote(Writer_Name, Wrote_MediaID)
VALUES('Thomas Keneally', 0108052);

INSERT INTO Directed(Director_Name, Directed_MediaID)
VALUES('Steven Spielberg', 0108052);

INSERT INTO Acted(Actor_Name, Acted_MediaID)
VALUES('Liam Neeson', 0108052);

INSERT INTO Acted(Actor_Name, Acted_MediaID)
VALUES('Ben Kingsley', 0108052);

INSERT INTO Wrote(Writer_Name, Wrote_MediaID)
VALUES('J.R.R. Tolkien', 0167260);

INSERT INTO Directed(Director_Name, Directed_MediaID)
VALUES('Peter Jackson', 0167260);

INSERT INTO Acted(Actor_Name, Acted_MediaID)
VALUES('Noel Appleby', 0167260);

INSERT INTO Acted(Actor_Name, Acted_MediaID)
VALUES('Ali Astin', 0167260);

INSERT INTO Wrote(Writer_Name, Wrote_MediaID)
VALUES('Quentin Tarantino', 0110912);

INSERT INTO Directed(Director_Name, Directed_MediaID)
VALUES('Quentin Tarantino', 0110912);

INSERT INTO Acted(Actor_Name, Acted_MediaID)
VALUES('Tim Roth', 0110912);

INSERT INTO Acted(Actor_Name, Acted_MediaID)
VALUES('Amanda Plummer', 0110912);

INSERT INTO Wrote(Writer_Name, Wrote_MediaID)
VALUES('J.R.R. Tolkien', 0120737);

INSERT INTO Directed(Director_Name, Directed_MediaID)
VALUES('Peter Jackson', 0120737);

INSERT INTO Acted(Actor_Name, Acted_MediaID)
VALUES('Alan Howard', 0120737);

INSERT INTO Acted(Actor_Name, Acted_MediaID)
VALUES('Noel Appleby', 0120737);

INSERT INTO Wrote(Writer_Name, Wrote_MediaID)
VALUES('Luciano Vincenzoni', 0060196);

INSERT INTO Directed(Director_Name, Directed_MediaID)
VALUES('Sergio Leone', 0060196);

INSERT INTO Acted(Actor_Name, Acted_MediaID)
VALUES('Eli Wallach', 0060196);

INSERT INTO Acted(Actor_Name, Acted_MediaID)
VALUES('Clint Eastwood', 0060196);

INSERT INTO Wrote(Writer_Name, Wrote_MediaID)
VALUES('Winston Groom', 0109830);

INSERT INTO Directed(Director_Name, Directed_MediaID)
VALUES('Robert Zemeckis', 0109830);

INSERT INTO Acted(Actor_Name, Acted_MediaID)
VALUES('Tom Hanks', 0109830);

INSERT INTO Acted(Actor_Name, Acted_MediaID)
VALUES('Rebecca Williams', 0109830);

INSERT INTO Wrote(Writer_Name, Wrote_MediaID)
VALUES('Chuck Palahniuk', 0137523);

INSERT INTO Directed(Director_Name, Directed_MediaID)
VALUES('David Fincher', 0137523);

INSERT INTO Acted(Actor_Name, Acted_MediaID)
VALUES('Edward Norton', 0137523);

INSERT INTO Acted(Actor_Name, Acted_MediaID)
VALUES('Brad Pitt', 0137523);

INSERT INTO Wrote(Writer_Name, Wrote_MediaID)
VALUES('J.R.R. Tolkien', 0167261);

INSERT INTO Directed(Director_Name, Directed_MediaID)
VALUES('Peter Jackson', 0167261);

INSERT INTO Acted(Actor_Name, Acted_MediaID)
VALUES('Bruce Allpress', 0167261);

INSERT INTO Acted(Actor_Name, Acted_MediaID)
VALUES('Sean Astin', 0167261);

INSERT INTO Wrote(Writer_Name, Wrote_MediaID)
VALUES('Christopher Nolan', 1375666);

INSERT INTO Directed(Director_Name, Directed_MediaID)
VALUES('Christopher Nolan', 1375666);

INSERT INTO Acted(Actor_Name, Acted_MediaID)
VALUES('Leonardo DiCaprio', 1375666);

INSERT INTO Acted(Actor_Name, Acted_MediaID)
VALUES('Joseph Gordon-Levitt', 1375666);

INSERT INTO Wrote(Writer_Name, Wrote_MediaID)
VALUES('Leigh Brackett', 0080684);

INSERT INTO Directed(Director_Name, Directed_MediaID)
VALUES('Irvin Kershner', 0080684);

INSERT INTO Acted(Actor_Name, Acted_MediaID)
VALUES('Mark Hamill', 0080684);

INSERT INTO Acted(Actor_Name, Acted_MediaID)
VALUES('Harrison Ford', 0080684);

INSERT INTO Wrote(Writer_Name, Wrote_MediaID)
VALUES('Lilly Wachowski', 0133093);

INSERT INTO Directed(Director_Name, Directed_MediaID)
VALUES('Lana Wachowski', 0133093);

INSERT INTO Acted(Actor_Name, Acted_MediaID)
VALUES('Keanu Reeves', 0133093);

INSERT INTO Acted(Actor_Name, Acted_MediaID)
VALUES('Laurence Fishburne', 0133093);

INSERT INTO Wrote(Writer_Name, Wrote_MediaID)
VALUES('Nicholas Pileggi', 0099685);

INSERT INTO Directed(Director_Name, Directed_MediaID)
VALUES('Martin Scorsese', 0099685);

INSERT INTO Acted(Actor_Name, Acted_MediaID)
VALUES('Robert De Niro', 0099685);

INSERT INTO Acted(Actor_Name, Acted_MediaID)
VALUES('Ray Liotta', 0099685);

INSERT INTO Wrote(Writer_Name, Wrote_MediaID)
VALUES('Lawrence Hauben', 0073486);

INSERT INTO Directed(Director_Name, Directed_MediaID)
VALUES('Milos Forman', 0073486);

INSERT INTO Acted(Actor_Name, Acted_MediaID)
VALUES('Michael Berryman', 0073486);

INSERT INTO Acted(Actor_Name, Acted_MediaID)
VALUES('Peter Brocco', 0073486);

INSERT INTO Wrote(Writer_Name, Wrote_MediaID)
VALUES('Andrew Kevin Walker', 0114369);

INSERT INTO Directed(Director_Name, Directed_MediaID)
VALUES('David Fincher', 0114369);

INSERT INTO Acted(Actor_Name, Acted_MediaID)
VALUES('Morgan Freeman', 0114369);

INSERT INTO Acted(Actor_Name, Acted_MediaID)
VALUES('Andrew Kevin Walker', 0114369);

INSERT INTO Wrote(Writer_Name, Wrote_MediaID)
VALUES('Akira Kurosawa', 0047478);

INSERT INTO Directed(Director_Name, Directed_MediaID)
VALUES('Akira Kurosawa', 0047478);

INSERT INTO Acted(Actor_Name, Acted_MediaID)
VALUES('Toshirô Mifune', 0047478);

INSERT INTO Acted(Actor_Name, Acted_MediaID)
VALUES('Takashi Shimura', 0047478);

INSERT INTO Wrote(Writer_Name, Wrote_MediaID)
VALUES('Frances Goodrich', 0038650);

INSERT INTO Directed(Director_Name, Directed_MediaID)
VALUES('Frank Capra', 0038650);

INSERT INTO Acted(Actor_Name, Acted_MediaID)
VALUES('James Stewart', 0038650);

INSERT INTO Acted(Actor_Name, Acted_MediaID)
VALUES('Donna Reed', 0038650);

INSERT INTO Wrote(Writer_Name, Wrote_MediaID)
VALUES('Thomas Harris', 0102926);

INSERT INTO Directed(Director_Name, Directed_MediaID)
VALUES('Jonathan Demme', 0102926);

INSERT INTO Acted(Actor_Name, Acted_MediaID)
VALUES('Jodie Foster', 0102926);

INSERT INTO Acted(Actor_Name, Acted_MediaID)
VALUES('Lawrence A. Bonney', 0102926);

INSERT INTO Wrote(Writer_Name, Wrote_MediaID)
VALUES('Paulo Lins', 0317248);

INSERT INTO Directed(Director_Name, Directed_MediaID)
VALUES('Fernando Meirelles', 0317248);

INSERT INTO Acted(Actor_Name, Acted_MediaID)
VALUES('Alexandre Rodrigues', 0317248);

INSERT INTO Acted(Actor_Name, Acted_MediaID)
VALUES('Leandro Firmino', 0317248);

INSERT INTO Wrote(Writer_Name, Wrote_MediaID)
VALUES('Robert Rodat', 0120815);

INSERT INTO Directed(Director_Name, Directed_MediaID)
VALUES('Steven Spielberg', 0120815);

INSERT INTO Acted(Actor_Name, Acted_MediaID)
VALUES('Tom Hanks', 0120815);

INSERT INTO Acted(Actor_Name, Acted_MediaID)
VALUES('Tom Sizemore', 0120815);

INSERT INTO Wrote(Writer_Name, Wrote_MediaID)
VALUES('Vincenzo Cerami', 0118799);

INSERT INTO Directed(Director_Name, Directed_MediaID)
VALUES('Roberto Benigni', 0118799);

INSERT INTO Acted(Actor_Name, Acted_MediaID)
VALUES('Roberto Benigni', 0118799);

INSERT INTO Acted(Actor_Name, Acted_MediaID)
VALUES('Nicoletta Braschi', 0118799);

INSERT INTO Wrote(Writer_Name, Wrote_MediaID)
VALUES('Jonathan Nolan', 0816692);

INSERT INTO Directed(Director_Name, Directed_MediaID)
VALUES('Christopher Nolan', 0816692);

INSERT INTO Acted(Actor_Name, Acted_MediaID)
VALUES('Ellen Burstyn', 0816692);

INSERT INTO Acted(Actor_Name, Acted_MediaID)
VALUES('Matthew McConaughey', 0816692);

INSERT INTO Wrote(Writer_Name, Wrote_MediaID)
VALUES('Stephen King', 0120689);

INSERT INTO Directed(Director_Name, Directed_MediaID)
VALUES('Frank Darabont', 0120689);

INSERT INTO Acted(Actor_Name, Acted_MediaID)
VALUES('Tom Hanks', 0120689);

INSERT INTO Acted(Actor_Name, Acted_MediaID)
VALUES('David Morse', 0120689);

INSERT INTO Wrote(Writer_Name, Wrote_MediaID)
VALUES('George Lucas', 0076759);

INSERT INTO Directed(Director_Name, Directed_MediaID)
VALUES('George Lucas', 0076759);

INSERT INTO Acted(Actor_Name, Acted_MediaID)
VALUES('Mark Hamill', 0076759);

INSERT INTO Acted(Actor_Name, Acted_MediaID)
VALUES('Harrison Ford', 0076759);

INSERT INTO Wrote(Writer_Name, Wrote_MediaID)
VALUES('James Cameron', 0103064);

INSERT INTO Directed(Director_Name, Directed_MediaID)
VALUES('James Cameron', 0103064);

INSERT INTO Acted(Actor_Name, Acted_MediaID)
VALUES('Arnold Schwarzenegger', 0103064);

INSERT INTO Acted(Actor_Name, Acted_MediaID)
VALUES('Linda Hamilton', 0103064);

INSERT INTO Wrote(Writer_Name, Wrote_MediaID)
VALUES('Robert Zemeckis', 0088763);

INSERT INTO Directed(Director_Name, Directed_MediaID)
VALUES('Robert Zemeckis', 0088763);

INSERT INTO Acted(Actor_Name, Acted_MediaID)
VALUES('Michael J. Fox', 0088763);

INSERT INTO Acted(Actor_Name, Acted_MediaID)
VALUES('Christopher Lloyd', 0088763);

INSERT INTO Wrote(Writer_Name, Wrote_MediaID)
VALUES('Hayao Miyazaki', 0245429);

INSERT INTO Directed(Director_Name, Directed_MediaID)
VALUES('Hayao Miyazaki', 0245429);

INSERT INTO Acted(Actor_Name, Acted_MediaID)
VALUES('Rumi Hiiragi', 0245429);

INSERT INTO Acted(Actor_Name, Acted_MediaID)
VALUES('Miyu Irino', 0245429);

INSERT INTO Wrote(Writer_Name, Wrote_MediaID)
VALUES('Joseph Stefano', 0054215);

INSERT INTO Directed(Director_Name, Directed_MediaID)
VALUES('Alfred Hitchcock', 0054215);

INSERT INTO Acted(Actor_Name, Acted_MediaID)
VALUES('Anthony Perkins', 0054215);

INSERT INTO Acted(Actor_Name, Acted_MediaID)
VALUES('Vera Miles', 0054215);

INSERT INTO Wrote(Writer_Name, Wrote_MediaID)
VALUES('Ronald Harwood', 0253474);

INSERT INTO Directed(Director_Name, Directed_MediaID)
VALUES('Roman Polanski', 0253474);

INSERT INTO Acted(Actor_Name, Acted_MediaID)
VALUES('Adrien Brody', 0253474);

INSERT INTO Acted(Actor_Name, Acted_MediaID)
VALUES('Emilia Fox', 0253474);

INSERT INTO Wrote(Writer_Name, Wrote_MediaID)
VALUES('Bong Joon Ho', 6751668);

INSERT INTO Directed(Director_Name, Directed_MediaID)
VALUES('Bong Joon Ho', 6751668);

INSERT INTO Acted(Actor_Name, Acted_MediaID)
VALUES('Song Kang-ho', 6751668);

INSERT INTO Acted(Actor_Name, Acted_MediaID)
VALUES('Lee Sun-kyun', 6751668);

INSERT INTO Wrote(Writer_Name, Wrote_MediaID)
VALUES('Luc Besson', 0110413);

INSERT INTO Directed(Director_Name, Directed_MediaID)
VALUES('Luc Besson', 0110413);

INSERT INTO Acted(Actor_Name, Acted_MediaID)
VALUES('Jean Reno', 0110413);

INSERT INTO Acted(Actor_Name, Acted_MediaID)
VALUES('Gary Oldman', 0110413);

INSERT INTO Wrote(Writer_Name, Wrote_MediaID)
VALUES('Irene Mecchi', 0110357);

INSERT INTO Directed(Director_Name, Directed_MediaID)
VALUES('Roger Allers', 0110357);

INSERT INTO Acted(Actor_Name, Acted_MediaID)
VALUES('Rowan Atkinson', 0110357);

INSERT INTO Acted(Actor_Name, Acted_MediaID)
VALUES('Matthew Broderick', 0110357);

INSERT INTO Wrote(Writer_Name, Wrote_MediaID)
VALUES('David Franzoni', 0172495);

INSERT INTO Directed(Director_Name, Directed_MediaID)
VALUES('Ridley Scott', 0172495);

INSERT INTO Acted(Actor_Name, Acted_MediaID)
VALUES('Russell Crowe', 0172495);

INSERT INTO Acted(Actor_Name, Acted_MediaID)
VALUES('Joaquin Phoenix', 0172495);

INSERT INTO Wrote(Writer_Name, Wrote_MediaID)
VALUES('David McKenna', 0120586);

INSERT INTO Directed(Director_Name, Directed_MediaID)
VALUES('Tony Kaye', 0120586);

INSERT INTO Acted(Actor_Name, Acted_MediaID)
VALUES('Edward Norton', 0120586);

INSERT INTO Acted(Actor_Name, Acted_MediaID)
VALUES('Edward Furlong', 0120586);

INSERT INTO Wrote(Writer_Name, Wrote_MediaID)
VALUES('William Monahan', 0407887);

INSERT INTO Directed(Director_Name, Directed_MediaID)
VALUES('Martin Scorsese', 0407887);

INSERT INTO Acted(Actor_Name, Acted_MediaID)
VALUES('Leonardo DiCaprio', 0407887);

INSERT INTO Acted(Actor_Name, Acted_MediaID)
VALUES('Matt Damon', 0407887);

INSERT INTO Wrote(Writer_Name, Wrote_MediaID)
VALUES('Christopher McQuarrie', 0114814);

INSERT INTO Directed(Director_Name, Directed_MediaID)
VALUES('Bryan Singer', 0114814);

INSERT INTO Acted(Actor_Name, Acted_MediaID)
VALUES('Stephen Baldwin', 0114814);

INSERT INTO Acted(Actor_Name, Acted_MediaID)
VALUES('Gabriel Byrne', 0114814);

INSERT INTO Wrote(Writer_Name, Wrote_MediaID)
VALUES('Jonathan Nolan', 0482571);

INSERT INTO Directed(Director_Name, Directed_MediaID)
VALUES('Christopher Nolan', 0482571);

INSERT INTO Acted(Actor_Name, Acted_MediaID)
VALUES('Hugh Jackman', 0482571);

INSERT INTO Acted(Actor_Name, Acted_MediaID)
VALUES('Christian Bale', 0482571);

INSERT INTO Wrote(Writer_Name, Wrote_MediaID)
VALUES('Damien Chazelle', 2582802);

INSERT INTO Directed(Director_Name, Directed_MediaID)
VALUES('Damien Chazelle', 2582802);

INSERT INTO Acted(Actor_Name, Acted_MediaID)
VALUES('Miles Teller', 2582802);

INSERT INTO Acted(Actor_Name, Acted_MediaID)
VALUES('J.K. Simmons', 2582802);

INSERT INTO Wrote(Writer_Name, Wrote_MediaID)
VALUES('Julius J. Epstein', 0034583);

INSERT INTO Directed(Director_Name, Directed_MediaID)
VALUES('Michael Curtiz', 0034583);

INSERT INTO Acted(Actor_Name, Acted_MediaID)
VALUES('Humphrey Bogart', 0034583);

INSERT INTO Acted(Actor_Name, Acted_MediaID)
VALUES('Ingrid Bergman', 0034583);

INSERT INTO Wrote(Writer_Name, Wrote_MediaID)
VALUES('Yasuhiko Takiguchi', 0056058);

INSERT INTO Directed(Director_Name, Directed_MediaID)
VALUES('Masaki Kobayashi', 0056058);

INSERT INTO Acted(Actor_Name, Acted_MediaID)
VALUES('Tatsuya Nakadai', 0056058);

INSERT INTO Acted(Actor_Name, Acted_MediaID)
VALUES('Akira Ishihama', 0056058);

INSERT INTO Wrote(Writer_Name, Wrote_MediaID)
VALUES('Olivier Nakache', 1675434);

INSERT INTO Directed(Director_Name, Directed_MediaID)
VALUES('Olivier Nakache', 1675434);

INSERT INTO Acted(Actor_Name, Acted_MediaID)
VALUES('François Cluzet', 1675434);

INSERT INTO Acted(Actor_Name, Acted_MediaID)
VALUES('Omar Sy', 1675434);

INSERT INTO Wrote(Writer_Name, Wrote_MediaID)
VALUES('Akiyuki Nosaka', 0095327);

INSERT INTO Directed(Director_Name, Directed_MediaID)
VALUES('Isao Takahata', 0095327);

INSERT INTO Acted(Actor_Name, Acted_MediaID)
VALUES('Tsutomu Tatsumi', 0095327);

INSERT INTO Acted(Actor_Name, Acted_MediaID)
VALUES('Ayano Shiraishi', 0095327);

INSERT INTO Wrote(Writer_Name, Wrote_MediaID)
VALUES('Charles Chaplin', 0027977);

INSERT INTO Directed(Director_Name, Directed_MediaID)
VALUES('Charles Chaplin', 0027977);

INSERT INTO Acted(Actor_Name, Acted_MediaID)
VALUES('Charles Chaplin', 0027977);

INSERT INTO Acted(Actor_Name, Acted_MediaID)
VALUES('Paulette Goddard', 0027977);

INSERT INTO Wrote(Writer_Name, Wrote_MediaID)
VALUES('Sergio Donati', 0064116);

INSERT INTO Directed(Director_Name, Directed_MediaID)
VALUES('Sergio Leone', 0064116);

INSERT INTO Acted(Actor_Name, Acted_MediaID)
VALUES('Claudia Cardinale', 0064116);

INSERT INTO Acted(Actor_Name, Acted_MediaID)
VALUES('Henry Fonda', 0064116);

INSERT INTO Wrote(Writer_Name, Wrote_MediaID)
VALUES('John Michael Hayes', 0047396);

INSERT INTO Directed(Director_Name, Directed_MediaID)
VALUES('Alfred Hitchcock', 0047396);

INSERT INTO Acted(Actor_Name, Acted_MediaID)
VALUES('James Stewart', 0047396);

INSERT INTO Acted(Actor_Name, Acted_MediaID)
VALUES('Grace Kelly', 0047396);

INSERT INTO Wrote(Writer_Name, Wrote_MediaID)
VALUES('Giuseppe Tornatore', 0095765);

INSERT INTO Directed(Director_Name, Directed_MediaID)
VALUES('Giuseppe Tornatore', 0095765);

INSERT INTO Acted(Actor_Name, Acted_MediaID)
VALUES('Antonella Attili', 0095765);

INSERT INTO Acted(Actor_Name, Acted_MediaID)
VALUES('Enzo Cannavale', 0095765);

INSERT INTO Wrote(Writer_Name, Wrote_MediaID)
VALUES('Jason Friedberg', 1213644);

INSERT INTO Directed(Director_Name, Directed_MediaID)
VALUES('Jason Friedberg', 1213644);

INSERT INTO Acted(Actor_Name, Acted_MediaID)
VALUES('Matt Lanter', 1213644);

INSERT INTO Acted(Actor_Name, Acted_MediaID)
VALUES('Vanessa Lachey', 1213644);

INSERT INTO Wrote(Writer_Name, Wrote_MediaID)
VALUES('Harold P. Warren', 0060666);

INSERT INTO Directed(Director_Name, Directed_MediaID)
VALUES('Harold P. Warren', 0060666);

INSERT INTO Acted(Actor_Name, Acted_MediaID)
VALUES('Tom Neyman', 0060666);

INSERT INTO Acted(Actor_Name, Acted_MediaID)
VALUES('John Reynolds', 0060666);

INSERT INTO Wrote(Writer_Name, Wrote_MediaID)
VALUES('James Nguyen', 1316037);

INSERT INTO Directed(Director_Name, Directed_MediaID)
VALUES('James Nguyen', 1316037);

INSERT INTO Acted(Actor_Name, Acted_MediaID)
VALUES('Alan Bagh', 1316037);

INSERT INTO Acted(Actor_Name, Acted_MediaID)
VALUES('Whitney Moore', 1316037);

INSERT INTO Wrote(Writer_Name, Wrote_MediaID)
VALUES('Robert Grasmere', 0270846);

INSERT INTO Directed(Director_Name, Directed_MediaID)
VALUES('Bob Clark', 0270846);

INSERT INTO Acted(Actor_Name, Acted_MediaID)
VALUES('Jon Voight', 0270846);

INSERT INTO Acted(Actor_Name, Acted_MediaID)
VALUES('Scott Baio', 0270846);

INSERT INTO Wrote(Writer_Name, Wrote_MediaID)
VALUES('Heidi Ferrer', 0804492);

INSERT INTO Directed(Director_Name, Directed_MediaID)
VALUES('Tom Putnam', 0804492);

INSERT INTO Acted(Actor_Name, Acted_MediaID)
VALUES('Paris Hilton', 0804492);

INSERT INTO Acted(Actor_Name, Acted_MediaID)
VALUES('Joel David Moore', 0804492);

INSERT INTO Wrote(Writer_Name, Wrote_MediaID)
VALUES('Mark A. Altman', 0317676);

INSERT INTO Directed(Director_Name, Directed_MediaID)
VALUES('Uwe Boll', 0317676);

INSERT INTO Acted(Actor_Name, Acted_MediaID)
VALUES('Jonathan Cherry', 0317676);

INSERT INTO Acted(Actor_Name, Acted_MediaID)
VALUES('Tyron Leitso', 0317676);

INSERT INTO Wrote(Writer_Name, Wrote_MediaID)
VALUES('Lance Khazei', 0362165);

INSERT INTO Directed(Director_Name, Directed_MediaID)
VALUES('Lawrence Guterman', 0362165);

INSERT INTO Acted(Actor_Name, Acted_MediaID)
VALUES('Jamie Kennedy', 0362165);

INSERT INTO Acted(Actor_Name, Acted_MediaID)
VALUES('Alan Cumming', 0362165);

INSERT INTO Wrote(Writer_Name, Wrote_MediaID)
VALUES('Darren Doane', 4009460);

INSERT INTO Directed(Director_Name, Directed_MediaID)
VALUES('Darren Doane', 4009460);

INSERT INTO Acted(Actor_Name, Acted_MediaID)
VALUES('Kirk Cameron', 4009460);

INSERT INTO Acted(Actor_Name, Acted_MediaID)
VALUES('Darren Doane', 4009460);

INSERT INTO Wrote(Writer_Name, Wrote_MediaID)
VALUES('Jason Friedberg', 0799949);

INSERT INTO Directed(Director_Name, Directed_MediaID)
VALUES('Jason Friedberg', 0799949);

INSERT INTO Acted(Actor_Name, Acted_MediaID)
VALUES('Kal Penn', 0799949);

INSERT INTO Acted(Actor_Name, Acted_MediaID)
VALUES('Adam Campbell', 0799949);

INSERT INTO Wrote(Writer_Name, Wrote_MediaID)
VALUES('Corey Mandell', 0185183);

INSERT INTO Directed(Director_Name, Directed_MediaID)
VALUES('Roger Christian', 0185183);

INSERT INTO Acted(Actor_Name, Acted_MediaID)
VALUES('John Travolta', 0185183);

INSERT INTO Acted(Actor_Name, Acted_MediaID)
VALUES('Barry Pepper', 0185183);

INSERT INTO Wrote(Writer_Name, Wrote_MediaID)
VALUES('Cheryl Guerriero', 0417056);

INSERT INTO Directed(Director_Name, Directed_MediaID)
VALUES('William Heins', 0417056);

INSERT INTO Acted(Actor_Name, Acted_MediaID)
VALUES('Paris Hilton', 0417056);

INSERT INTO Acted(Actor_Name, Acted_MediaID)
VALUES('Paula Garcés', 0417056);

INSERT INTO Wrote(Writer_Name, Wrote_MediaID)
VALUES('Vijay Maurya', 10888594);

INSERT INTO Directed(Director_Name, Directed_MediaID)
VALUES('Prabhu Deva', 10888594);

INSERT INTO Acted(Actor_Name, Acted_MediaID)
VALUES('Salman Khan', 10888594);

INSERT INTO Acted(Actor_Name, Acted_MediaID)
VALUES('Disha Patani', 10888594);

INSERT INTO Wrote(Writer_Name, Wrote_MediaID)
VALUES('Elan Mastai', 0369226);

INSERT INTO Directed(Director_Name, Directed_MediaID)
VALUES('Uwe Boll', 0369226);

INSERT INTO Acted(Actor_Name, Acted_MediaID)
VALUES('Christian Slater', 0369226);

INSERT INTO Acted(Actor_Name, Acted_MediaID)
VALUES('Tara Reid', 0369226);

INSERT INTO Wrote(Writer_Name, Wrote_MediaID)
VALUES('Ben Ramsey', 1098327);

INSERT INTO Directed(Director_Name, Directed_MediaID)
VALUES('James Wong', 1098327);

INSERT INTO Acted(Actor_Name, Acted_MediaID)
VALUES('Justin Chatwin', 1098327);

INSERT INTO Acted(Actor_Name, Acted_MediaID)
VALUES('Chow Yun-Fat', 1098327);

INSERT INTO Wrote(Writer_Name, Wrote_MediaID)
VALUES('Kim Fuller', 0339034);

INSERT INTO Directed(Director_Name, Directed_MediaID)
VALUES('Robert Iscove', 0339034);

INSERT INTO Acted(Actor_Name, Acted_MediaID)
VALUES('Kelly Clarkson', 0339034);

INSERT INTO Acted(Actor_Name, Acted_MediaID)
VALUES('Justin Guarini', 0339034);

INSERT INTO Wrote(Writer_Name, Wrote_MediaID)
VALUES('Shiraz Ahmed', 7431594);

INSERT INTO Directed(Director_Name, Directed_MediaID)
VALUES('Remo D''Souza', 7431594);

INSERT INTO Acted(Actor_Name, Acted_MediaID)
VALUES('Anil Kapoor', 7431594);

INSERT INTO Acted(Actor_Name, Acted_MediaID)
VALUES('Salman Khan', 7431594);

INSERT INTO Wrote(Writer_Name, Wrote_MediaID)
VALUES('Valerie Breiman', 0096870);

INSERT INTO Directed(Director_Name, Directed_MediaID)
VALUES('Valerie Breiman', 0096870);

INSERT INTO Acted(Actor_Name, Acted_MediaID)
VALUES('Burt Young', 0096870);

INSERT INTO Acted(Actor_Name, Acted_MediaID)
VALUES('Adam Sandler', 0096870);

INSERT INTO Wrote(Writer_Name, Wrote_MediaID)
VALUES('Jason Friedberg', 1073498);

INSERT INTO Directed(Director_Name, Directed_MediaID)
VALUES('Jason Friedberg', 1073498);

INSERT INTO Acted(Actor_Name, Acted_MediaID)
VALUES('Sean Maguire', 1073498);

INSERT INTO Acted(Actor_Name, Acted_MediaID)
VALUES('Carmen Electra', 1073498);

INSERT INTO Wrote(Writer_Name, Wrote_MediaID)
VALUES('Murat Boyacioglu', 0808240);

INSERT INTO Directed(Director_Name, Directed_MediaID)
VALUES('Kartal Tibet', 0808240);

INSERT INTO Acted(Actor_Name, Acted_MediaID)
VALUES('Cüneyt Arkin', 0808240);

INSERT INTO Acted(Actor_Name, Acted_MediaID)
VALUES('Miraç Bayramoglu', 0808240);

INSERT INTO Wrote(Writer_Name, Wrote_MediaID)
VALUES('Martin Brest', 0299930);

INSERT INTO Directed(Director_Name, Directed_MediaID)
VALUES('Martin Brest', 0299930);

INSERT INTO Acted(Actor_Name, Acted_MediaID)
VALUES('Ben Affleck', 0299930);

INSERT INTO Acted(Actor_Name, Acted_MediaID)
VALUES('Terry Camilleri', 0299930);

INSERT INTO Wrote(Writer_Name, Wrote_MediaID)
VALUES('Lawrence Kasanoff', 0249516);

INSERT INTO Directed(Director_Name, Directed_MediaID)
VALUES('Lawrence Kasanoff', 0249516);

INSERT INTO Acted(Actor_Name, Acted_MediaID)
VALUES('Charlie Sheen', 0249516);

INSERT INTO Acted(Actor_Name, Acted_MediaID)
VALUES('Hilary Duff', 0249516);

INSERT INTO Wrote(Writer_Name, Wrote_MediaID)
VALUES('Jason Friedberg', 0466342);

INSERT INTO Directed(Director_Name, Directed_MediaID)
VALUES('Aaron Seltzer', 0466342);

INSERT INTO Acted(Actor_Name, Acted_MediaID)
VALUES('Alyson Hannigan', 0466342);

INSERT INTO Acted(Actor_Name, Acted_MediaID)
VALUES('Adam Campbell', 0466342);

INSERT INTO Wrote(Writer_Name, Wrote_MediaID)
VALUES('Lee Hall', 5697572);

INSERT INTO Directed(Director_Name, Directed_MediaID)
VALUES('Tom Hooper', 5697572);

INSERT INTO Acted(Actor_Name, Acted_MediaID)
VALUES('Robbie Fairchild', 5697572);

INSERT INTO Acted(Actor_Name, Acted_MediaID)
VALUES('Mette Narrative', 5697572);

INSERT INTO Wrote(Writer_Name, Wrote_MediaID)
VALUES('Steven Paul', 0118665);

INSERT INTO Directed(Director_Name, Directed_MediaID)
VALUES('Bob Clark', 0118665);

INSERT INTO Acted(Actor_Name, Acted_MediaID)
VALUES('Kathleen Turner', 0118665);

INSERT INTO Acted(Actor_Name, Acted_MediaID)
VALUES('Christopher Lloyd', 0118665);

INSERT INTO Wrote(Writer_Name, Wrote_MediaID)
VALUES('Ulli Lommel', 0421051);

INSERT INTO Directed(Director_Name, Directed_MediaID)
VALUES('Ulli Lommel', 0421051);

INSERT INTO Acted(Actor_Name, Acted_MediaID)
VALUES('Daniel Küblböck', 0421051);

INSERT INTO Acted(Actor_Name, Acted_MediaID)
VALUES('Ulli Lommel', 0421051);

INSERT INTO Wrote(Writer_Name, Wrote_MediaID)
VALUES('Cheryl L. West', 0118589);

INSERT INTO Directed(Director_Name, Directed_MediaID)
VALUES('Vondie Curtis-Hall', 0118589);

INSERT INTO Acted(Actor_Name, Acted_MediaID)
VALUES('Mariah Carey', 0118589);

INSERT INTO Acted(Actor_Name, Acted_MediaID)
VALUES('Max Beesley', 0118589);

INSERT INTO Wrote(Writer_Name, Wrote_MediaID)
VALUES('Peter Benchley', 0093300);

INSERT INTO Directed(Director_Name, Directed_MediaID)
VALUES('Joseph Sargent', 0093300);

INSERT INTO Acted(Actor_Name, Acted_MediaID)
VALUES('Lorraine Gary', 0093300);

INSERT INTO Acted(Actor_Name, Acted_MediaID)
VALUES('Lance Guest', 0093300);

INSERT INTO Wrote(Writer_Name, Wrote_MediaID)
VALUES('Rossella Drudi', 0105643);

INSERT INTO Directed(Director_Name, Directed_MediaID)
VALUES('Claudio Fragasso', 0105643);

INSERT INTO Acted(Actor_Name, Acted_MediaID)
VALUES('Michael Paul Stephenson', 0105643);

INSERT INTO Acted(Actor_Name, Acted_MediaID)
VALUES('George Hardy', 0105643);

INSERT INTO Wrote(Writer_Name, Wrote_MediaID)
VALUES('Tom Six', 1883367);

INSERT INTO Directed(Director_Name, Directed_MediaID)
VALUES('Tom Six', 1883367);

INSERT INTO Acted(Actor_Name, Acted_MediaID)
VALUES('Dieter Laser', 1883367);

INSERT INTO Acted(Actor_Name, Acted_MediaID)
VALUES('Laurence R. Harvey', 1883367);

INSERT INTO Wrote(Writer_Name, Wrote_MediaID)
VALUES('Guinevere Turner', 0383222);

INSERT INTO Directed(Director_Name, Directed_MediaID)
VALUES('Uwe Boll', 0383222);

INSERT INTO Acted(Actor_Name, Acted_MediaID)
VALUES('Kristanna Loken', 0383222);

INSERT INTO Acted(Actor_Name, Acted_MediaID)
VALUES('Michael Madsen', 0383222);

INSERT INTO Wrote(Writer_Name, Wrote_MediaID)
VALUES('Rick Sloane', 0089280);

INSERT INTO Directed(Director_Name, Directed_MediaID)
VALUES('Rick Sloane', 0089280);

INSERT INTO Acted(Actor_Name, Acted_MediaID)
VALUES('Tom Bartlett', 0089280);

INSERT INTO Acted(Actor_Name, Acted_MediaID)
VALUES('Paige Sullivan', 0089280);

INSERT INTO Wrote(Writer_Name, Wrote_MediaID)
VALUES('Edward Drake', 11762434);

INSERT INTO Directed(Director_Name, Directed_MediaID)
VALUES('Edward Drake', 11762434);

INSERT INTO Acted(Actor_Name, Acted_MediaID)
VALUES('Frank Grillo', 11762434);

INSERT INTO Acted(Actor_Name, Acted_MediaID)
VALUES('Bruce Willis', 11762434);

INSERT INTO Wrote(Writer_Name, Wrote_MediaID)
VALUES('Paul Lalonde', 2467046);

INSERT INTO Directed(Director_Name, Directed_MediaID)
VALUES('Vic Armstrong', 2467046);

INSERT INTO Acted(Actor_Name, Acted_MediaID)
VALUES('Nicolas Cage', 2467046);

INSERT INTO Acted(Actor_Name, Acted_MediaID)
VALUES('Chad Michael Murray', 2467046);

INSERT INTO Wrote(Writer_Name, Wrote_MediaID)
VALUES('Mojca Tirs', 12996154);

INSERT INTO Directed(Director_Name, Directed_MediaID)
VALUES('Barbara Bialowas', 12996154);

INSERT INTO Acted(Actor_Name, Acted_MediaID)
VALUES('Anna-Maria Sieklucka', 12996154);

INSERT INTO Acted(Actor_Name, Acted_MediaID)
VALUES('Michele Morrone', 12996154);

INSERT INTO Wrote(Writer_Name, Wrote_MediaID)
VALUES('Tomasz Klimala', 10886166);

INSERT INTO Directed(Director_Name, Directed_MediaID)
VALUES('Barbara Bialowas', 10886166);

INSERT INTO Acted(Actor_Name, Acted_MediaID)
VALUES('Anna-Maria Sieklucka', 10886166);

INSERT INTO Acted(Actor_Name, Acted_MediaID)
VALUES('Michele Morrone', 10886166);

INSERT INTO Wrote(Writer_Name, Wrote_MediaID)
VALUES('Don Michael Paul', 0785077);

INSERT INTO Directed(Director_Name, Directed_MediaID)
VALUES('Don Michael Paul', 0785077);

INSERT INTO Acted(Actor_Name, Acted_MediaID)
VALUES('Mick Partridge', 0785077);

INSERT INTO Acted(Actor_Name, Acted_MediaID)
VALUES('Big Boi', 0785077);

INSERT INTO Wrote(Writer_Name, Wrote_MediaID)
VALUES('Ben Zook', 0810913);

INSERT INTO Directed(Director_Name, Directed_MediaID)
VALUES('Dennis Dugan', 0810913);

INSERT INTO Acted(Actor_Name, Acted_MediaID)
VALUES('Adam Sandler', 0810913);

INSERT INTO Acted(Actor_Name, Acted_MediaID)
VALUES('Al Pacino', 0810913);

INSERT INTO Wrote(Writer_Name, Wrote_MediaID)
VALUES('William Harrison', 0246894);

INSERT INTO Directed(Director_Name, Directed_MediaID)
VALUES('John McTiernan', 0246894);

INSERT INTO Acted(Actor_Name, Acted_MediaID)
VALUES('Chris Klein', 0246894);

INSERT INTO Acted(Actor_Name, Acted_MediaID)
VALUES('Jean Reno', 0246894);

INSERT INTO Wrote(Writer_Name, Wrote_MediaID)
VALUES('Glenville Mareth', 0058548);

INSERT INTO Directed(Director_Name, Directed_MediaID)
VALUES('Nicholas Webster', 0058548);

INSERT INTO Acted(Actor_Name, Acted_MediaID)
VALUES('John Call', 0058548);

INSERT INTO Acted(Actor_Name, Acted_MediaID)
VALUES('Leonard Hicks', 0058548);

INSERT INTO Wrote(Writer_Name, Wrote_MediaID)
VALUES('Bob Kane', 0327554);

INSERT INTO Directed(Director_Name, Directed_MediaID)
VALUES('Pitof', 0327554);

INSERT INTO Acted(Actor_Name, Acted_MediaID)
VALUES('Halle Berry', 0327554);

INSERT INTO Acted(Actor_Name, Acted_MediaID)
VALUES('Benjamin Bratt', 0327554);

INSERT INTO Wrote(Writer_Name, Wrote_MediaID)
VALUES('Paul Michael Glaser', 0116756);

INSERT INTO Directed(Director_Name, Directed_MediaID)
VALUES('Paul Michael Glaser', 0116756);

INSERT INTO Acted(Actor_Name, Acted_MediaID)
VALUES('Shaquille O''Neal', 0116756);

INSERT INTO Acted(Actor_Name, Acted_MediaID)
VALUES('Francis Capra', 0116756);

INSERT INTO Wrote(Writer_Name, Wrote_MediaID)
VALUES('David Birke', 5690360);

INSERT INTO Directed(Director_Name, Directed_MediaID)
VALUES('Sylvain White', 5690360);

INSERT INTO Acted(Actor_Name, Acted_MediaID)
VALUES('Joey King', 5690360);

INSERT INTO Acted(Actor_Name, Acted_MediaID)
VALUES('Julia Goldani Telles', 5690360);

INSERT INTO Wrote(Writer_Name, Wrote_MediaID)
VALUES('Enes Batur', 7668842);

INSERT INTO Directed(Director_Name, Directed_MediaID)
VALUES('Kamil Cetin', 7668842);

INSERT INTO Acted(Actor_Name, Acted_MediaID)
VALUES('Enes Batur', 7668842);

INSERT INTO Acted(Actor_Name, Acted_MediaID)
VALUES('Bilal Hanci', 7668842);

INSERT INTO Wrote(Writer_Name, Wrote_MediaID)
VALUES('Balázs Bendi', 14723224);

INSERT INTO Directed(Director_Name, Directed_MediaID)
VALUES('Keith English', 14723224);

INSERT INTO Acted(Actor_Name, Acted_MediaID)
VALUES('Vivianne Bánovits', 14723224);

INSERT INTO Acted(Actor_Name, Acted_MediaID)
VALUES('András Mózes', 14723224);

INSERT INTO Wrote(Writer_Name, Wrote_MediaID)
VALUES('Tony Leondis', 4877122);

INSERT INTO Directed(Director_Name, Directed_MediaID)
VALUES('Tony Leondis', 4877122);

INSERT INTO Acted(Actor_Name, Acted_MediaID)
VALUES('T.J. Miller', 4877122);

INSERT INTO Acted(Actor_Name, Acted_MediaID)
VALUES('James Corden', 4877122);

INSERT INTO Wrote(Writer_Name, Wrote_MediaID)
VALUES('Jason Friedberg', 1666186);

INSERT INTO Directed(Director_Name, Directed_MediaID)
VALUES('Jason Friedberg', 1666186);

INSERT INTO Acted(Actor_Name, Acted_MediaID)
VALUES('Jenn Proske', 1666186);

INSERT INTO Acted(Actor_Name, Acted_MediaID)
VALUES('Matt Lanter', 1666186);

INSERT INTO Wrote(Writer_Name, Wrote_MediaID)
VALUES('Louise Simonson', 0120207);

INSERT INTO Directed(Director_Name, Directed_MediaID)
VALUES('Kenneth Johnson', 0120207);

INSERT INTO Acted(Actor_Name, Acted_MediaID)
VALUES('Shaquille O''Neal', 0120207);

INSERT INTO Acted(Actor_Name, Acted_MediaID)
VALUES('Annabeth Gish', 0120207);

INSERT INTO Wrote(Writer_Name, Wrote_MediaID)
VALUES('Jason Friedberg', 2403029);

INSERT INTO Directed(Director_Name, Directed_MediaID)
VALUES('Jason Friedberg', 2403029);

INSERT INTO Acted(Actor_Name, Acted_MediaID)
VALUES('Maiara Walsh', 2403029);

INSERT INTO Acted(Actor_Name, Acted_MediaID)
VALUES('Cody Christian', 2403029);

INSERT INTO Wrote(Writer_Name, Wrote_MediaID)
VALUES('Matt Angel', 7608028);

INSERT INTO Directed(Director_Name, Directed_MediaID)
VALUES('Matt Angel', 7608028);

INSERT INTO Acted(Actor_Name, Acted_MediaID)
VALUES('Dylan Minnette', 7608028);

INSERT INTO Acted(Actor_Name, Acted_MediaID)
VALUES('Piercey Dalton', 7608028);

INSERT INTO Wrote(Writer_Name, Wrote_MediaID)
VALUES('David Zucker', 0795461);

INSERT INTO Directed(Director_Name, Directed_MediaID)
VALUES('Malcolm D. Lee', 0795461);

INSERT INTO Acted(Actor_Name, Acted_MediaID)
VALUES('Ashley Tisdale', 0795461);

INSERT INTO Acted(Actor_Name, Acted_MediaID)
VALUES('Simon Rex', 0795461);

INSERT INTO Wrote(Writer_Name, Wrote_MediaID)
VALUES('Elizabeth White', 5491994);

INSERT INTO Acted(Actor_Name, Acted_MediaID)
VALUES('David Attenborough', 5491994);

INSERT INTO Acted(Actor_Name, Acted_MediaID)
VALUES('Chadden Hunter', 5491994);

INSERT INTO Wrote(Writer_Name, Wrote_MediaID)
VALUES('Vince Gilligan', 0903747);

INSERT INTO Acted(Actor_Name, Acted_MediaID)
VALUES('Bryan Cranston', 0903747);

INSERT INTO Acted(Actor_Name, Acted_MediaID)
VALUES('Anna Gunn', 0903747);

INSERT INTO Wrote(Writer_Name, Wrote_MediaID)
VALUES('David Attenborough', 0795176);

INSERT INTO Acted(Actor_Name, Acted_MediaID)
VALUES('Sigourney Weaver', 0795176);

INSERT INTO Acted(Actor_Name, Acted_MediaID)
VALUES('David Attenborough', 0795176);

INSERT INTO Wrote(Writer_Name, Wrote_MediaID)
VALUES('Stephen Ambrose', 0185906);

INSERT INTO Acted(Actor_Name, Acted_MediaID)
VALUES('Scott Grimes', 0185906);

INSERT INTO Acted(Actor_Name, Acted_MediaID)
VALUES('Damian Lewis', 0185906);

INSERT INTO Wrote(Writer_Name, Wrote_MediaID)
VALUES('Craig Mazin', 7366338);

INSERT INTO Acted(Actor_Name, Acted_MediaID)
VALUES('Jessie Buckley', 7366338);

INSERT INTO Acted(Actor_Name, Acted_MediaID)
VALUES('Jared Harris', 7366338);

INSERT INTO Wrote(Writer_Name, Wrote_MediaID)
VALUES('David Simon', 0306414);

INSERT INTO Acted(Actor_Name, Acted_MediaID)
VALUES('Dominic West', 0306414);

INSERT INTO Acted(Actor_Name, Acted_MediaID)
VALUES('John Doman', 0306414);

INSERT INTO Acted(Actor_Name, Acted_MediaID)
VALUES('David Attenborough', 6769208);

INSERT INTO Acted(Actor_Name, Acted_MediaID)
VALUES('Peter Drost', 6769208);

INSERT INTO Wrote(Writer_Name, Wrote_MediaID)
VALUES('Michael Dante DiMartino', 0417299);

INSERT INTO Acted(Actor_Name, Acted_MediaID)
VALUES('Dee Bradley Baker', 0417299);

INSERT INTO Acted(Actor_Name, Acted_MediaID)
VALUES('Zach Tyler Eisen', 0417299);

INSERT INTO Wrote(Writer_Name, Wrote_MediaID)
VALUES('Ann Druyan', 2395695);

INSERT INTO Acted(Actor_Name, Acted_MediaID)
VALUES('Neil deGrasse Tyson', 2395695);

INSERT INTO Acted(Actor_Name, Acted_MediaID)
VALUES('Christopher Emerson', 2395695);

INSERT INTO Wrote(Writer_Name, Wrote_MediaID)
VALUES('David Chase', 0141842);

INSERT INTO Acted(Actor_Name, Acted_MediaID)
VALUES('James Gandolfini', 0141842);

INSERT INTO Acted(Actor_Name, Acted_MediaID)
VALUES('Edie Falco', 0141842);
