
INSERT INTO MEDIA (TitleID, Name, Rating, Budget, Synopsis, Country)
VALUES (0111161, 'The Shawshank Redemption', '9.3', 25000000, 'Two imprisoned men bond over a number of years, finding solace and eventual redemption through acts of common decency.', 'United States');
INSERT
INTO Genre(Genre_MediaID, GenreName)
VALUES(0111161, 'Drama');

INSERT
INTO Languages(Language_MediaID, LanguageName)
VALUES(0111161, 'English');

INSERT
INTO Movie(MovieID, Runtime)
VALUES(0111161, 142);

INSERT
INTO Person(PersonName, Contact, DOB, RoleFlags)
VALUES('Stephen King', 'StephenKing@gmail.com', DATE '1947-09-21', 4);

INSERT
INTO Wrote(Writer_Name, Wrote_MediaID)
VALUES('Stephen King', 0111161);

INSERT
INTO Person(PersonName, Contact, DOB, RoleFlags)
VALUES('Frank Darabont', FrankDarabont@gmail.com, DATE '1959-01-28', 2);

INSERT
INTO Directed(Director_Name, Directed_MediaID)
VALUES('Frank Darabont', 0111161);

INSERT
INTO Person(PersonName, Contact, DOB, RoleFlags)
VALUES('Tim Robbins', 'TimRobbins@gmail.com', DATE '1958-10-16', 1);

INSERT
INTO Acted(Actor_Name, Acted_MediaID)
VALUES('Tim Robbins', 0111161);

INSERT
INTO Person(PersonName, Contact, DOB, RoleFlags)
VALUES('Morgan Freeman', 'MorganFreeman@gmail.com', DATE '1937-06-01', 1);

INSERT
INTO Acted(Actor_Name, Acted_MediaID)
VALUES('Morgan Freeman', 0111161);


INSERT INTO MEDIA (TitleID, Name, Rating, Budget, Synopsis, Country)
VALUES (0068646, 'The Godfather', '9.2', 6000000, 'The aging patriarch of an organized crime dynasty in postwar New York City transfers control of his clandestine empire to his reluctant youngest son.', 'United States');
INSERT
INTO Genre(Genre_MediaID, GenreName)
VALUES(0068646, 'Crime');

INSERT
INTO Genre(Genre_MediaID, GenreName)
VALUES(0068646, 'Drama');

INSERT
INTO Languages(Language_MediaID, LanguageName)
VALUES(0068646, 'English');

INSERT
INTO Languages(Language_MediaID, LanguageName)
VALUES(0068646, 'Italian');

INSERT
INTO Languages(Language_MediaID, LanguageName)
VALUES(0068646, 'Latin');

INSERT
INTO Movie(MovieID, Runtime)
VALUES(0068646, 175);

INSERT
INTO Person(PersonName, Contact, DOB, RoleFlags)
VALUES('Mario Puzo', 'MarioPuzo@gmail.com', DATE '1920-10-15', 4);

INSERT
INTO Wrote(Writer_Name, Wrote_MediaID)
VALUES('Mario Puzo', 0068646);

INSERT
INTO Person(PersonName, Contact, DOB, RoleFlags)
VALUES('Francis Ford Coppola', FrancisFordCoppola@gmail.com, DATE '1939-04-07', 2);

INSERT
INTO Directed(Director_Name, Directed_MediaID)
VALUES('Francis Ford Coppola', 0068646);

INSERT
INTO Person(PersonName, Contact, DOB, RoleFlags)
VALUES('Marlon Brando', 'MarlonBrando@gmail.com', DATE '1924-04-03', 1);

INSERT
INTO Acted(Actor_Name, Acted_MediaID)
VALUES('Marlon Brando', 0068646);

INSERT
INTO Person(PersonName, Contact, DOB, RoleFlags)
VALUES('Al Pacino', 'AlPacino@gmail.com', DATE '1940-04-25', 1);

INSERT
INTO Acted(Actor_Name, Acted_MediaID)
VALUES('Al Pacino', 0068646);


INSERT INTO MEDIA (TitleID, Name, Rating, Budget, Synopsis, Country)
VALUES (0468569, 'The Dark Knight', '9.0', 185000000, 'When the menace known as the Joker wreaks havoc and chaos on the people of Gotham, Batman must accept one of the greatest psychological and physical tests of his ability to fight injustice.', 'United States');
INSERT
INTO Genre(Genre_MediaID, GenreName)
VALUES(0468569, 'Action');

INSERT
INTO Genre(Genre_MediaID, GenreName)
VALUES(0468569, 'Crime');

INSERT
INTO Genre(Genre_MediaID, GenreName)
VALUES(0468569, 'Drama');

INSERT
INTO Genre(Genre_MediaID, GenreName)
VALUES(0468569, 'Thriller');

INSERT
INTO Languages(Language_MediaID, LanguageName)
VALUES(0468569, 'English');

INSERT
INTO Languages(Language_MediaID, LanguageName)
VALUES(0468569, 'Mandarin');

INSERT
INTO Movie(MovieID, Runtime)
VALUES(0468569, 152);

INSERT
INTO Person(PersonName, Contact, DOB, RoleFlags)
VALUES('Jonathan Nolan', 'JonathanNolan@gmail.com', DATE '1976-06-06', 4);

INSERT
INTO Wrote(Writer_Name, Wrote_MediaID)
VALUES('Jonathan Nolan', 0468569);

INSERT
INTO Person(PersonName, Contact, DOB, RoleFlags)
VALUES('Christopher Nolan', ChristopherNolan@gmail.com, DATE '1970-07-30', 2);

INSERT
INTO Directed(Director_Name, Directed_MediaID)
VALUES('Christopher Nolan', 0468569);

INSERT
INTO Person(PersonName, Contact, DOB, RoleFlags)
VALUES('Christian Bale', 'ChristianBale@gmail.com', DATE '1974-01-30', 1);

INSERT
INTO Acted(Actor_Name, Acted_MediaID)
VALUES('Christian Bale', 0468569);

INSERT
INTO Person(PersonName, Contact, DOB, RoleFlags)
VALUES('Heath Ledger', 'HeathLedger@gmail.com', DATE '1979-04-04', 1);

INSERT
INTO Acted(Actor_Name, Acted_MediaID)
VALUES('Heath Ledger', 0468569);


INSERT INTO MEDIA (TitleID, Name, Rating, Budget, Synopsis, Country)
VALUES (0071562, 'The Godfather Part II', '9.0', 13000000, 'The early life and career of Vito Corleone in 1920s New York City is portrayed, while his son, Michael, expands and tightens his grip on the family crime syndicate.', 'United States');
INSERT
INTO Genre(Genre_MediaID, GenreName)
VALUES(0071562, 'Crime');

INSERT
INTO Genre(Genre_MediaID, GenreName)
VALUES(0071562, 'Drama');

INSERT
INTO Languages(Language_MediaID, LanguageName)
VALUES(0071562, 'English');

INSERT
INTO Languages(Language_MediaID, LanguageName)
VALUES(0071562, 'Italian');

INSERT
INTO Languages(Language_MediaID, LanguageName)
VALUES(0071562, 'Spanish');

INSERT
INTO Languages(Language_MediaID, LanguageName)
VALUES(0071562, 'Latin');

INSERT
INTO Languages(Language_MediaID, LanguageName)
VALUES(0071562, 'Sicilian');

INSERT
INTO Movie(MovieID, Runtime)
VALUES(0071562, 202);

INSERT
INTO Person(PersonName, Contact, DOB, RoleFlags)
VALUES('Francis Ford Coppola', 'FrancisFordCoppola@gmail.com', DATE '1939-04-07', 4);

INSERT
INTO Wrote(Writer_Name, Wrote_MediaID)
VALUES('Francis Ford Coppola', 0071562);

INSERT
INTO Person(PersonName, Contact, DOB, RoleFlags)
VALUES('Francis Ford Coppola', FrancisFordCoppola@gmail.com, DATE '1939-04-07', 2);

INSERT
INTO Directed(Director_Name, Directed_MediaID)
VALUES('Francis Ford Coppola', 0071562);

INSERT
INTO Person(PersonName, Contact, DOB, RoleFlags)
VALUES('Al Pacino', 'AlPacino@gmail.com', DATE '1940-04-25', 1);

INSERT
INTO Acted(Actor_Name, Acted_MediaID)
VALUES('Al Pacino', 0071562);

INSERT
INTO Person(PersonName, Contact, DOB, RoleFlags)
VALUES('Robert Duvall', 'RobertDuvall@gmail.com', DATE '1931-01-05', 1);

INSERT
INTO Acted(Actor_Name, Acted_MediaID)
VALUES('Robert Duvall', 0071562);


INSERT INTO MEDIA (TitleID, Name, Rating, Budget, Synopsis, Country)
VALUES (0050083, '12 Angry Men', '9.0', 350000, 'The jury in a New York City murder trial is frustrated by a single member whose skeptical caution forces them to more carefully consider the evidence before jumping to a hasty verdict.', 'United States');
INSERT
INTO Genre(Genre_MediaID, GenreName)
VALUES(0050083, 'Crime');

INSERT
INTO Genre(Genre_MediaID, GenreName)
VALUES(0050083, 'Drama');

INSERT
INTO Languages(Language_MediaID, LanguageName)
VALUES(0050083, 'English');

INSERT
INTO Movie(MovieID, Runtime)
VALUES(0050083, 96);

INSERT
INTO Person(PersonName, Contact, DOB, RoleFlags)
VALUES('Reginald Rose', 'ReginaldRose@gmail.com', DATE '1920-12-10', 4);

INSERT
INTO Wrote(Writer_Name, Wrote_MediaID)
VALUES('Reginald Rose', 0050083);

INSERT
INTO Person(PersonName, Contact, DOB, RoleFlags)
VALUES('Sidney Lumet', SidneyLumet@gmail.com, DATE '1924-06-25', 2);

INSERT
INTO Directed(Director_Name, Directed_MediaID)
VALUES('Sidney Lumet', 0050083);

INSERT
INTO Person(PersonName, Contact, DOB, RoleFlags)
VALUES('Martin Balsam', 'MartinBalsam@gmail.com', DATE '1919-11-04', 1);

INSERT
INTO Acted(Actor_Name, Acted_MediaID)
VALUES('Martin Balsam', 0050083);

INSERT
INTO Person(PersonName, Contact, DOB, RoleFlags)
VALUES('John Fiedler', 'JohnFiedler@gmail.com', DATE '1925-02-03', 1);

INSERT
INTO Acted(Actor_Name, Acted_MediaID)
VALUES('John Fiedler', 0050083);

INSERT
INTO Media(TitleID, Name, Rating, Budget, Synopsis, Country)
VALUES(1213644, 'Disaster Movie', '1.9', 20000000, 'Over the course of one evening, an unsuspecting group of twenty-somethings find themselves bombarded by a series of natural disasters and catastrophic events.', 'United States');

INSERT
INTO Genre(Genre_MediaID, GenreName)
VALUES(1213644,'Comedy');

INSERT
INTO Genre(Genre_MediaID, GenreName)
VALUES(1213644,'Sci-Fi');

INSERT
INTO Languages(Language_MediaID, LanguageName)
VALUES(1213644,'English');

INSERT
INTO Movie(MovieID, Runtime)
VALUES(1213644,87);

INSERT
INTO Person(PersonName, Contact, DOB, RoleFlags)
VALUES('Jason Friedberg', 'JasonFriedberg@gmail.com', DATE '1970-01-16', 4);

INSERT
INTO Wrote(Writer_Name, Wrote_MediaID)
VALUES('Jason Friedberg', 1213644);

INSERT
INTO Person(PersonName, Contact, DOB, RoleFlags)
VALUES('Jason Friedberg', 'JasonFriedberg@gmail.com', DATE '1970-01-16', 2);

INSERT
INTO Directed(Director_Name, Directed_MediaID)
VALUES('Jason Friedberg', 1213644);

INSERT
INTO Person(PersonName, Contact, DOB, RoleFlags)
VALUES'(Matt Lanter', 'MattLanter@gmail.com', DATE '1983-04-01', 1);

INSERT
INTO Acted(Actor_Name, Acted_MediaID)
VALUES('Matt Lanter', 1213644);

INSERT
INTO Person(PersonName, Contact, DOB, RoleFlags)
VALUES'(Vanessa Lachey', 'VanessaLachey@gmail.com', DATE '1980-11-09', 1);

INSERT
INTO Acted(Actor_Name, Acted_MediaID)
VALUES('Vanessa Lachey', 1213644);

INSERT
INTO Media(TitleID, Name, Rating, Budget, Synopsis, Country)
VALUES(0060666, 'Manos: The Hands of Fate', '1.6', 19000, 'A family gets lost on the road and stumbles upon a hidden, underground, devil-worshiping cult led by the fearsome Master and his servant Torgo.', 'United States');

INSERT
INTO Genre(Genre_MediaID, GenreName)
VALUES(0060666,'Horror');

INSERT
INTO Languages(Language_MediaID, LanguageName)
VALUES(0060666,'English');

INSERT
INTO Movie(MovieID, Runtime)
VALUES(0060666,70);

INSERT
INTO Person(PersonName, Contact, DOB, RoleFlags)
VALUES('Harold P. Warren', 'HaroldP.Warren@gmail.com', DATE '1923-10-23', 4);

INSERT
INTO Wrote(Writer_Name, Wrote_MediaID)
VALUES('Harold P. Warren', 0060666);

INSERT
INTO Person(PersonName, Contact, DOB, RoleFlags)
VALUES('Harold P. Warren', 'HaroldP.Warren@gmail.com', DATE '1923-10-23', 2);

INSERT
INTO Directed(Director_Name, Directed_MediaID)
VALUES('Harold P. Warren', 0060666);

INSERT
INTO Person(PersonName, Contact, DOB, RoleFlags)
VALUES'(Tom Neyman', 'TomNeyman@gmail.com', DATE '1935-11-23', 1);

INSERT
INTO Acted(Actor_Name, Acted_MediaID)
VALUES('Tom Neyman', 0060666);

INSERT
INTO Person(PersonName, Contact, DOB, RoleFlags)
VALUES'(John Reynolds', 'JohnReynolds@gmail.com', DATE '1941-09-15', 1);

INSERT
INTO Acted(Actor_Name, Acted_MediaID)
VALUES('John Reynolds', 0060666);

INSERT
INTO Media(TitleID, Name, Rating, Budget, Synopsis, Country)
VALUES(1316037, 'Birdemic: Shock and Terror', '1.7', 10000, 'A horde of mutated birds descends upon the quiet town of Half Moon Bay, California. As the death toll rises, two citizens manage to fight back, but will they survive Birdemic?', 'United States');

INSERT
INTO Genre(Genre_MediaID, GenreName)
VALUES(1316037,'Horror');

INSERT
INTO Genre(Genre_MediaID, GenreName)
VALUES(1316037,'Thriller');

INSERT
INTO Languages(Language_MediaID, LanguageName)
VALUES(1316037,'English');

INSERT
INTO Movie(MovieID, Runtime)
VALUES(1316037,105);

INSERT
INTO Person(PersonName, Contact, DOB, RoleFlags)
VALUES('James Nguyen', 'JamesNguyen@gmail.com', DATE '1966-09-01', 4);

INSERT
INTO Wrote(Writer_Name, Wrote_MediaID)
VALUES('James Nguyen', 1316037);

INSERT
INTO Person(PersonName, Contact, DOB, RoleFlags)
VALUES('James Nguyen', 'JamesNguyen@gmail.com', DATE '1966-09-01', 2);

INSERT
INTO Directed(Director_Name, Directed_MediaID)
VALUES('James Nguyen', 1316037);

INSERT
INTO Person(PersonName, Contact, DOB, RoleFlags)
VALUES'(Alan Bagh', 'AlanBagh@gmail.com', DATE 'NULL', 1);

INSERT
INTO Acted(Actor_Name, Acted_MediaID)
VALUES('Alan Bagh', 1316037);

INSERT
INTO Person(PersonName, Contact, DOB, RoleFlags)
VALUES'(Whitney Moore', 'WhitneyMoore@gmail.com', DATE '1989-06-22', 1);

INSERT
INTO Acted(Actor_Name, Acted_MediaID)
VALUES('Whitney Moore', 1316037);

INSERT
INTO Media(TitleID, Name, Rating, Budget, Synopsis, Country)
VALUES(0270846, 'Superbabies: Baby Geniuses 2', '1.5', 20000000, 'A group of smart-talking toddlers find themselves at the center of a media mogul''s experiment to crack the code to baby talk. The toddlers must race against time for the sake of babies everywhere.', 'Germany');

INSERT
INTO Genre(Genre_MediaID, GenreName)
VALUES(0270846,'Comedy');

INSERT
INTO Genre(Genre_MediaID, GenreName)
VALUES(0270846,'Family');

INSERT
INTO Genre(Genre_MediaID, GenreName)
VALUES(0270846,'Sci-Fi');

INSERT
INTO Languages(Language_MediaID, LanguageName)
VALUES(0270846,'English');

INSERT
INTO Movie(MovieID, Runtime)
VALUES(0270846,88);

INSERT
INTO Person(PersonName, Contact, DOB, RoleFlags)
VALUES('Robert Grasmere', 'RobertGrasmere@gmail.com', DATE 'NULL', 4);

INSERT
INTO Wrote(Writer_Name, Wrote_MediaID)
VALUES('Robert Grasmere', 0270846);

INSERT
INTO Person(PersonName, Contact, DOB, RoleFlags)
VALUES('Bob Clark', 'BobClark@gmail.com', DATE '1939-08-05', 2);

INSERT
INTO Directed(Director_Name, Directed_MediaID)
VALUES('Bob Clark', 0270846);

INSERT
INTO Person(PersonName, Contact, DOB, RoleFlags)
VALUES'(Jon Voight', 'JonVoight@gmail.com', DATE '1938-12-29', 1);

INSERT
INTO Acted(Actor_Name, Acted_MediaID)
VALUES('Jon Voight', 0270846);

INSERT
INTO Person(PersonName, Contact, DOB, RoleFlags)
VALUES'(Scott Baio', 'ScottBaio@gmail.com', DATE '1960-09-22', 1);

INSERT
INTO Acted(Actor_Name, Acted_MediaID)
VALUES('Scott Baio', 0270846);

INSERT
INTO Media(TitleID, Name, Rating, Budget, Synopsis, Country)
VALUES(0804492, 'The Hottie & the Nottie', '1.9', NULL, 'A woman agrees to go on a date with a man only if he finds a suitor for her unattractive best friend.', 'United States');

INSERT
INTO Genre(Genre_MediaID, GenreName)
VALUES(0804492,'Comedy');

INSERT
INTO Genre(Genre_MediaID, GenreName)
VALUES(0804492,'Romance');

INSERT
INTO Languages(Language_MediaID, LanguageName)
VALUES(0804492,'English');

INSERT
INTO Movie(MovieID, Runtime)
VALUES(0804492,91);

INSERT
INTO Person(PersonName, Contact, DOB, RoleFlags)
VALUES('Heidi Ferrer', 'HeidiFerrer@gmail.com', DATE '1970-05-28', 4);

INSERT
INTO Wrote(Writer_Name, Wrote_MediaID)
VALUES('Heidi Ferrer', 0804492);

INSERT
INTO Person(PersonName, Contact, DOB, RoleFlags)
VALUES('Tom Putnam', 'TomPutnam@gmail.com', DATE '1972-03-25', 2);

INSERT
INTO Directed(Director_Name, Directed_MediaID)
VALUES('Tom Putnam', 0804492);

INSERT
INTO Person(PersonName, Contact, DOB, RoleFlags)
VALUES'(Paris Hilton', 'ParisHilton@gmail.com', DATE '1981-02-17', 1);

INSERT
INTO Acted(Actor_Name, Acted_MediaID)
VALUES('Paris Hilton', 0804492);

INSERT
INTO Person(PersonName, Contact, DOB, RoleFlags)
VALUES'(Joel David Moore', 'JoelDavidMoore@gmail.com', DATE '1977-09-25', 1);

INSERT
INTO Acted(Actor_Name, Acted_MediaID)
VALUES('Joel David Moore', 0804492);

INSERT
INTO Media(TitleID, Name, Rating, Budget, Synopsis, Country)
VALUES(5491994, 'Planet Earth II', '9.5', NULL, 'David Attenborough returns with a new wildlife documentary that shows life in a variety of habitats.', 'United Kingdom')

INSERT
INTO Genre(Genre_MediaID, GenreName)
VALUES(5491994, 'Comedy');

INSERT
INTO Genre(Genre_MediaID, GenreName)
VALUES(5491994, 'Romance');

INSERT
INTO Languages(Language_MediaID, LanguageName)
VALUES(5491994, 'English');

INSERT
INTO Person(PersonName, Contact, DOB, RoleFlags)
VALUES('Elizabeth White', 'HeidiFerrer@gmail.com', DATE 'NULL', 4);

INSERT
INTO Wrote(Writer_Name, Wrote_MediaID)
VALUES('Elizabeth White', 5491994);

INSERT
INTO Person(PersonName, Contact, DOB, RoleFlags)
VALUES('David Attenborough', 'DavidAttenborough@gmail.com', DATE '1926-05-08', 1);

INSERT
INTO Acted(Actor_Name, Acted_MediaID)
VALUES('David Attenborough', 5491994);

INSERT
INTO Media(TitleID, Name, Rating, Budget, Synopsis, Country)
VALUES(0903747, 'Breaking Bad', '9.5', NULL, 'A chemistry teacher diagnosed with inoperable lung cancer turns to manufacturing and selling methamphetamine with a former student in order to secure his family''s future.', 'United States')

INSERT
INTO Genre(Genre_MediaID, GenreName)
VALUES(0903747, 'Comedy');

INSERT
INTO Genre(Genre_MediaID, GenreName)
VALUES(0903747, 'Romance');

INSERT
INTO Languages(Language_MediaID, LanguageName)
VALUES(0903747, 'English');

INSERT
INTO Person(PersonName, Contact, DOB, RoleFlags)
VALUES('Vince Gilligan', 'HeidiFerrer@gmail.com', DATE '1967-02-10', 4);

INSERT
INTO Wrote(Writer_Name, Wrote_MediaID)
VALUES('Vince Gilligan', 0903747);

INSERT
INTO Person(PersonName, Contact, DOB, RoleFlags)
VALUES('Anna Gunn', 'AnnaGunn@gmail.com', DATE '1968-08-11', 1);

INSERT
INTO Acted(Actor_Name, Acted_MediaID)
VALUES('Anna Gunn', 0903747);

INSERT
INTO Person(PersonName, Contact, DOB, RoleFlags)
VALUES('Betsy Brandt', 'BetsyBrandt@gmail.com', DATE '1973-03-14', 1);

INSERT
INTO Acted(Actor_Name, Acted_MediaID)
VALUES('Betsy Brandt', 0903747);

INSERT
INTO Media(TitleID, Name, Rating, Budget, Synopsis, Country)
VALUES(0795176, 'Planet Earth', '9.4', NULL, 'Emmy Award-winning, 11 episodes, five years in the making, the most expensive nature documentary series ever commissioned by the BBC, and the first to be filmed in high definition.', 'United Kingdom')

INSERT
INTO Genre(Genre_MediaID, GenreName)
VALUES(0795176, 'Comedy');

INSERT
INTO Genre(Genre_MediaID, GenreName)
VALUES(0795176, 'Romance');

INSERT
INTO Languages(Language_MediaID, LanguageName)
VALUES(0795176, 'English');

INSERT
INTO Person(PersonName, Contact, DOB, RoleFlags)
VALUES('David Attenborough', 'HeidiFerrer@gmail.com', DATE '1926-05-08', 4);

INSERT
INTO Wrote(Writer_Name, Wrote_MediaID)
VALUES('David Attenborough', 0795176);

INSERT
INTO Person(PersonName, Contact, DOB, RoleFlags)
VALUES('Sigourney Weaver', 'SigourneyWeaver@gmail.com', DATE '1949-10-08', 1);

INSERT
INTO Acted(Actor_Name, Acted_MediaID)
VALUES('Sigourney Weaver', 0795176);

INSERT
INTO Person(PersonName, Contact, DOB, RoleFlags)
VALUES('David Attenborough', 'DavidAttenborough@gmail.com', DATE '1926-05-08', 1);

INSERT
INTO Acted(Actor_Name, Acted_MediaID)
VALUES('David Attenborough', 0795176);

INSERT
INTO Media(TitleID, Name, Rating, Budget, Synopsis, Country)
VALUES(0185906, 'Band of Brothers', '9.4', 125000000, 'The story of Easy Company of the U.S. Army 101st Airborne Division and their mission in World War II Europe, from Operation Overlord to V-J Day.', 'United States')

INSERT
INTO Genre(Genre_MediaID, GenreName)
VALUES(0185906, 'Comedy');

INSERT
INTO Genre(Genre_MediaID, GenreName)
VALUES(0185906, 'Romance');

INSERT
INTO Languages(Language_MediaID, LanguageName)
VALUES(0185906, 'English');

INSERT
INTO Person(PersonName, Contact, DOB, RoleFlags)
VALUES('Stephen Ambrose', 'HeidiFerrer@gmail.com', DATE '1936-01-10', 4);

INSERT
INTO Wrote(Writer_Name, Wrote_MediaID)
VALUES('Stephen Ambrose', 0185906);

INSERT
INTO Person(PersonName, Contact, DOB, RoleFlags)
VALUES('Scott Grimes', 'ScottGrimes@gmail.com', DATE '1971-07-09', 1);

INSERT
INTO Acted(Actor_Name, Acted_MediaID)
VALUES('Scott Grimes', 0185906);

INSERT
INTO Person(PersonName, Contact, DOB, RoleFlags)
VALUES('Damian Lewis', 'DamianLewis@gmail.com', DATE '1971-02-11', 1);

INSERT
INTO Acted(Actor_Name, Acted_MediaID)
VALUES('Damian Lewis', 0185906);

INSERT
INTO Media(TitleID, Name, Rating, Budget, Synopsis, Country)
VALUES(7366338, 'Chernobyl', '9.4', NULL, 'In April 1986, an explosion at the Chernobyl nuclear power plant in the Union of Soviet Socialist Republics becomes one of the world''s worst man-made catastrophes.', 'United States')

INSERT
INTO Genre(Genre_MediaID, GenreName)
VALUES(7366338, 'Comedy');

INSERT
INTO Genre(Genre_MediaID, GenreName)
VALUES(7366338, 'Romance');

INSERT
INTO Languages(Language_MediaID, LanguageName)
VALUES(7366338, 'English');

INSERT
INTO Person(PersonName, Contact, DOB, RoleFlags)
VALUES('Craig Mazin', 'HeidiFerrer@gmail.com', DATE '1971-04-08', 4);

INSERT
INTO Wrote(Writer_Name, Wrote_MediaID)
VALUES('Craig Mazin', 7366338);

INSERT
INTO Person(PersonName, Contact, DOB, RoleFlags)
VALUES('Jessie Buckley', 'JessieBuckley@gmail.com', DATE '1989-12-28', 1);

INSERT
INTO Acted(Actor_Name, Acted_MediaID)
VALUES('Jessie Buckley', 7366338);

INSERT
INTO Person(PersonName, Contact, DOB, RoleFlags)
VALUES('Jared Harris', 'JaredHarris@gmail.com', DATE '1961-08-24', 1);

INSERT
INTO Acted(Actor_Name, Acted_MediaID)
VALUES('Jared Harris', 7366338);

